"大冰 的书作品集 全6册（作者签名 一本）你坏+我不+好吗好+他们幸福+乖,摸摸头+阿弥陀佛么么哒",￥160.00,20+条评价,木森图书专营店
你坏（大冰2018年作品） 百万级畅销书作者大冰2018作品，淬火重生的大女儿。用《你坏》向你说声：你好。每篇文后附缀二维码，40余首有钱也买不到的原创民谣扫码听。,￥27.20,38万+条评价,博集天卷
【拍下94元】大冰的书全套5册 你坏（签名版）+我不+乖摸摸头+阿弥陀佛么么哒+好吗好的,￥144.00,1500+条评价,蚂蚁兵团图书专营店
大冰“江湖故事”系列：么么哒+摸摸头+好吗好的+我不+你坏+赠送畅销书一本（套装全6册）,￥131.70,38万+条评价,博集天卷
大冰京东套装：么么哒+摸摸头+好吗好的+我不（套装共4册）,￥104.50,38万+条评价,博集天卷
套装3件,单件,￥22.60,我不 大冰2017新书 百万级畅销书作者大冰2017年新书！用温暖的故事结一段小善缘，陪你微笑着对命运说：我不！
套装3件,单件,第1届京东文学奖入围作品,￥26.80
套装2件,单件,套装3件,￥20.80
"大冰 的书全册全套作品集 全6册（作者签名 一本）你坏+我不+好吗好+他们幸福+乖,摸摸头 +阿",￥158.00,500+条评价,沐雨经霜图书专营店
套装3件,单件,￥26.10,阿弥陀佛么么哒 百万级畅销书《乖，摸摸头》作者大冰作品，真实的故事自有万均之力，12个不舍得读完的真实的江湖故事。阿弥陀佛么么哒！2016年大冰新书《好吗好的》现已开始火热预售。
你坏+我不+乖 摸摸头+阿弥陀佛么么哒+好吗好的 全5册 新书 2018作品,￥95.00,1200+条评价,淘书网图书专卖店
你坏（大冰2018年作品 作者签名版） 作者签名版，百万级畅销书作者大冰2018作品，淬火重生的大女儿。用《你坏》向你说声：你好。随书奉送40余首有钱也买不到的原创民谣。,￥31.10,38万+条评价,博集天卷
【正版包邮】你坏 大冰2018作品 我不 乖摸摸头 阿弥陀佛么么哒 好吗好的后2018年畅销书,￥21.90,300+条评价,馨予图书专营店
我不 大冰的书 新华书店正品保证，70%城市次日达，进入店铺更多优惠！,￥18.50,1.7万+条评价,文轩网旗舰店
大冰作品集：好吗好的+乖，摸摸头+阿弥陀佛么么哒（三册套装）,￥77.70,38万+条评价,博集天卷
你坏大冰正版书籍 我不好吗好的乖摸摸头阿弥陀佛么么哒2018 青春小说书籍畅销书排行榜 正版,￥42.00,100+条评价,红斗篷图书专营店
大冰的书全册：么么哒+摸摸头+好吗好+我不+你坏（套装全5册））,￥95.00,20+条评价,华语帛书图书专营店
【正版包邮】大冰的书全册 你坏+我不+阿弥陀佛么么哒+好吗好的+乖 摸摸头,￥94.80,10+条评价,文轩网旗舰店
"大冰畅销作品集共6册:2017你坏+我不+好吗好的+他们最幸福+乖,摸摸头+阿弥陀佛么么哒全",￥226.00,1000+条评价,湖南叶洋图书专营店
￥24.30,￥29.70,你坏 大冰2018年的书 新华书店正品保证，70%城市次日达，进入店铺更多优惠！,6800+条评价
"大冰新书大冰作品集全4本 乖,摸摸头+我不+好吗好的阿弥陀佛么么哒 青春文学 励志畅销书籍",￥92.00,1500+条评价,文轩网旗舰店
包邮你坏+我不 套装2册 大冰2018年作品 继 好吗好的 乖摸摸头 阿弥陀佛么么哒后新作 青春励志,￥45.00,200+条评价,慧雅丰荷图书专营店
你坏 大冰2018年的书 20万品质畅销书每满99减50，更有好书1元抢购、限量9.24包邮，会场抢购更多好书,￥38.80,6700+条评价,文轩网少儿专营店
【支持正版】大冰的书全册 大冰新书你坏+我不+阿弥陀佛么么哒+乖摸摸头+好么好的 暖心励志小说,￥198.00,60+条评价,葫芦弟弟图书专营店
"大冰新书大冰作品集全4本 乖,摸摸头+我不+好吗好阿弥陀佛么么哒 青春文学 励志畅销籍",￥149.00,1100+条评价,凤凰新华书店旗舰店
正版现货包邮 乖 摸摸头 大冰的书 心灵励志图书畅销图书经典文学小说畅销书籍榜单小说,￥18.90,900+条评价,舜博图书专营店
你坏 大冰2018年的书 新华书店正品保证，70%城市次日达，进入店铺更多优惠！,￥38.00,5000+条评价,文轩网精品图书专营店
正版现货包邮 阿弥陀佛么么哒 大冰作品我不新书前作灵励志图书正版畅销图书,￥19.90,800+条评价,舜博图书专营店
大冰新书 你坏+我不+好吗好的+乖摸摸头+阿弥陀佛么么哒 全5册 暖心故事 青春励志文学,￥95.00,100+条评价,金帛三木图书专营店
"【正版包邮】乖,摸摸头 大冰的书 12个不舍得读完的暖心励志故事青春读物书 阿弥陀佛么么哒 文艺小说",￥37.00,0条评价,馨予图书专营店
乖.摸摸头 大冰12个不舍得读完的暖心励志故事 作品 【新华书店正版】,￥35.30,300+条评价,凤凰新华书店旗舰店
大冰的书 全套5册 你坏 我不 乖摸摸头 阿弥陀佛么么哒 好吗好的 新书,￥191.00,30+条评价,湖南叶洋图书专营店
乖，摸摸头 12个不舍得读完的故事 大冰的书 好吗好的同一作者 暖心励志故事,￥36.00,7条评价,凯福图书专营店
你坏 大冰继我不好吗好的阿弥尼陀佛么么哒乖摸摸头全套四五册后的2018兵正版新书 短篇文学励志小说,￥39.00,50+条评价,中昊欣彩图书专营店
包邮 你坏【随机抽签名本/卡贴】大冰2018新书 全新小说作品集励志暖心随笔 代表作我不 好吗好的等,￥27.33,2600+条评价,凤凰新华书店旗舰店
好吗好的+大冰新书我不 2册 龙应台人生三书 点击购买,￥70.20,900+条评价,博库网旗舰店
大冰作品暖心故事4册套装任选 大冰的书全册 含我不 阿弥陀佛么么哒 好吗好的 乖摸摸头 你坏 好吗好的,￥21.17,100+条评价,辽宁出版集团图书专营店
我不 大冰的书 你坏新出版小说 现当代文学青春励志小说故事书籍,￥27.20,10+条评价,天华图书专营店
大冰的书全套4册 我不+ 好吗好的+阿弥陀佛么么哒+乖摸摸头 百万级作者,￥144.00,5条评价,中昊欣彩图书专营店
大冰作品暖心故事4册套装任选 大冰的书全册 含我不 阿弥陀佛么么哒 好吗好的 乖摸摸头 你坏 我不 你坏 套装,￥39.80,100+条评价,辽宁出版集团图书专营店
你坏大冰正版书籍 我不好吗好的乖摸摸头阿弥陀佛么么哒2018 青春小说书籍畅销书排行榜,￥20.80,1条评价,博思远图书专营店
大冰作品暖心故事4册套装任选 大冰的书全册 含我不 阿弥陀佛么么哒 好吗好的 乖摸摸头 你坏 阿弥陀佛么么哒,￥20.74,100+条评价,辽宁出版集团图书专营店
大冰作品暖心故事4册套装任选 大冰的书全册 含我不 阿弥陀佛么么哒 好吗好的 乖摸摸头 你坏 你坏,￥22.90,100+条评价,辽宁出版集团图书专营店
我不 大冰新书 野生作家说书人 作品乖摸摸头 好吗好的 阿弥陀佛么么哒 畅销青春文学小说 新华正版,￥38.20,7000+条评价,凤凰新华书店旗舰店
【正版包邮】阿弥陀佛么么哒【乖摸摸头，他们最幸福】作者新书12个不舍得讲完的江湖故事暖心励志青春,￥37.00,0条评价,馨予图书专营店
￥95.00,￥135.00,【正版包邮】大冰的书全册 你坏+我不+阿弥陀佛么么哒+好吗好的+乖 摸摸头,1000+条评价
大冰的书他们最幸福 十个他们 十种幸福人生 祝你有梦为马 永远随处可栖 爱情小说 资深,￥35.00,1条评价,凯福图书专营店
大冰作品暖心故事4册套装任选 大冰的书全册 含我不 阿弥陀佛么么哒 好吗好的 乖摸摸头 你坏 乖 摸摸头,￥19.95,100+条评价,辽宁出版集团图书专营店
"励志3册 我不 大冰的书+你若不勇敢谁替你坚强+你若盛开清风自来不畏将来,不念过去",￥78.00,30+条评价,聚德实达图书专营店
你坏 大冰的2018新书 小说 我不好吗好的 乖摸摸头 阿弥陀佛么么哒,￥38.42,50+条评价,五星同辉图书专营店
大冰作品精选5册合集 你坏+我不+好吗好的+乖摸摸头+阿弥陀佛么么哒 青春文学励志校园小说 湖北新华,￥115.00,10+条评价,湖北新华书店图书专营店
大冰的书我不继乖摸摸头好吗好的阿弥陀佛么么哒后又一力作你要配得上自己所受的苦青春文学小说励志书共3册,￥55.00,20+条评价,凯福图书专营店
我不 大冰2017新书 好吗好的+乖摸摸头+阿弥陀佛么么哒 全4本,￥99.90,100+条评价,博雅世图图书专营店
大冰作品集：他们最幸福，好吗好的+乖，摸摸头+阿弥陀佛么么哒单本+我不 5册 请认真选择版本 好吗好的 摸摸头 么么哒三册全套,￥120.00,500+条评价,红斗篷图书专营店
你坏 大冰的新书 【签名签章版随机发】,￥19.50,200+条评价,木垛图书旗舰店
大冰作品暖心故事4册套装任选 大冰的书全册 含我不 阿弥陀佛么么哒 好吗好的 乖摸摸头 你坏 我不,￥17.90,100+条评价,辽宁出版集团图书专营店
现货包邮仓库直发：好吗 好的+乖，摸摸头 新书 冰叔在南极暖一碗醒心的黄连汤,￥57.00,100+条评价,中南博集天卷官方旗舰店
你坏 大冰新书 【赠定制大冰小屋集戳地图 好吗好的 我不 百万畅销作者大冰2018新作上市,￥29.70,10+条评价,火把图书专营店
经典包邮：大冰畅销作品 乖，摸摸头 +阿弥陀佛么么哒 套装共2册 赠精美卡贴和书签！,￥56.00,100+条评价,中南博集天卷官方旗舰店
大冰作品集：他们最幸福，好吗好的+乖，摸摸头+阿弥陀佛么么哒单本+我不 5册 请认真选择版本 我不,￥40.00,500+条评价,红斗篷图书专营店
我不+好吗好的 大冰暖心传奇四色彩插 好吗 好的乖摸摸头青春文学小说励志畅销书籍,￥76.40,0条评价,凤凰新华书店旗舰店
大冰的书经典4册套装 我不+好吗好的+乖摸摸头+阿弥陀佛么么哒 青春小说文学书籍校园励志作品集,￥144.40,5条评价,湖北新华书店图书专营店
大冰作品集：他们最幸福，好吗好的+乖，摸摸头+阿弥陀佛么么哒单本+我不 5册 请认真选择版本 他们最幸福,￥40.00,500+条评价,红斗篷图书专营店
我不+乖 摸摸头+阿弥陀佛么么哒+好吗好的 全4册,￥94.70,60+条评价,文轩网旗舰店
大冰作品精选5册合集 你坏+我不+好吗好+乖摸摸头+阿弥陀佛么么哒 青春文学励志校园小说 湖北新华,￥115.00,10+条评价,湖北新华书店图书专营店
正版现货包邮 我不 大冰新书 继 好吗好的 阿弥陀佛么么哒 乖摸摸头 新作 青春文学小说,￥18.90,1100+条评价,舜博图书专营店
我不 大冰著的书 正版图书折扣价 京东放心购 售后保障！关注店铺专享粉丝底价！#点击查看更多热销好书#,￥19.90,200+条评价,文辉博库专营店
你坏 2018大冰新书 情感 家庭婚姻 乖，摸摸头 我不 好吗好的 阿弥陀佛么么哒,￥27.00,10+条评价,蔚蓝书店
大冰作品套装：阿弥陀佛么么哒+摸摸头+好吗好+我不+你坏（套装共5册）野生作家青春文学暖心随笔,￥187.80,20+条评价,凤凰新华书店旗舰店
我不+好吗好的(共2册) 大冰2017新书 新华书店正品保证，70%城市次日达，进入店铺更多优惠！,￥48.80,100+条评价,文轩网旗舰店
正版 我不 百万级畅销书作者大冰乖摸摸头 阿弥陀佛么么哒 好吗好的后2017年新书小说 青春文学,￥38.80,0条评价,中昊欣彩图书专营店
大冰的新书 全5册大冰“江湖故事 系列你 坏+ +好吗好的+他们幸福+乖摸摸头+阿弥陀佛么么哒图书,￥165.00,10+条评价,沐雨经霜图书专营店
正版包邮 你坏 百万级畅销书作者大冰2018作品 青春励志暖心随笔小说经典作品集我不乖摸摸头好吗好的,￥36.83,1000+条评价,湖北新华书店图书专营店
【现货】你坏 大冰2018作品 我不 乖摸摸头 阿弥陀佛么么哒 好吗好的后2018年新书,￥27.90,100+条评价,舜博图书专营店
大冰作品暖心故事4册套装任选 大冰的书全册 含我不 阿弥陀佛么么哒 好吗好的 乖摸摸头 你坏 我不 好吗好的 摸摸头 么么哒,￥76.00,100+条评价,辽宁出版集团图书专营店
（ 阿弥陀佛么么哒 ）（签名版作者大冰）中国当代小说 青春文学 小说 作品集： 图书,￥38.00,0条评价,沐雨经霜图书专营店
乖.摸摸头 大冰12个不舍得读完的暖心励志故事 作品 【新华店正版】,￥35.30,300+条评价,凤凰新华书店旗舰店
我不 大冰2017新书 野生作家说书人作品你坏乖摸摸头 好吗好的 阿弥陀佛么么哒 畅销青春文学小说,￥36.27,400+条评价,湖北新华书店图书专营店
【拍下95元】大冰的书全套5册 你坏 我不 乖摸摸头 阿弥陀佛么么哒 好吗好的,￥178.00,0条评价,多远图书专营店
现货包邮仓库直发：好吗 好的+阿弥陀佛么么哒 新书 冰叔在南极暖一碗醒心的黄连汤,￥59.00,80+条评价,中南博集天卷官方旗舰店
我不 大冰的书 【正品保证】全店每满99减50元、更多优惠欢迎关注→→,￥39.00,3条评价,蚂蚁兵团图书专营店
大冰作品集：他们最幸福，好吗好的+乖，摸摸头+阿弥陀佛么么哒单本+我不 5册 请认真选择版本 阿弥陀佛么么哒,￥48.00,500+条评价,红斗篷图书专营店
我不 大冰的书2017新书 继好吗好的 阿弥陀佛么么哒 乖摸摸头作者我不暖心故事,￥39.00,30+条评价,百尺楼图书专营店
正版 大冰的书全册5本：好吗好的+我不+阿弥陀佛么么哒+乖摸摸头+他们*幸福 治愈小说,￥187.00,900+条评价,泽存图书专营店
你坏 大冰2018年的书 新华书店正品保证，70%城市次日达，进入店铺更多优惠！,￥29.70,6800+条评价,文轩网旗舰店
你坏 大冰2018年的书 同系列好吗好的 我不 乖摸摸头 阿弥陀佛么么哒 他们最幸福,￥29.70,300+条评价,文轩网教育考试专营店
大冰的书 全套四册 我不+好吗好的+乖摸摸头+阿弥陀佛么么哒 青春文学书籍,￥84.00,300+条评价,淘书网图书专卖店
我不+我在未来等你+乖.摸摸头+你的孤独虽败犹荣（套装共4册）,￥141.10,300+条评价,四川文轩自营店
大冰2017新书 我不+好吗好的 套装全两册 最新2本套装,￥59.00,400+条评价,中南博集天卷官方旗舰店
"大冰的书全套五册 你坏+我不+乖,摸摸头+阿弥陀佛么么哒+好吗 好的 新书青春励志小说文学",￥99.00,2条评价,慧雅丰荷图书专营店
你坏 大冰2018新书 继我不好吗好的乖摸摸头阿弥陀佛么么哒全套四册后新作,￥29.70,30+条评价,博库网旗舰店
你坏 大冰继我不好吗好的阿弥尼陀佛么么哒乖摸摸头全套四五册后的2018兵正版新书 短篇文学励志小说,￥54.00,0条评价,聚德实达图书专营店
好吗 好的 大冰2016新书 继乖 摸摸头 阿弥陀佛么么哒后全新作品集 四色彩插心灵 10个暖心故事,￥36.80,0条评价,晟贤图书专营店
你坏 大冰2018年新书 淬火重生的大女儿 用《你坏》向你说声：你好 畅销小说情感书籍排行榜,￥34.06,0条评价,世纪慧泉旗舰店
"正版 我不大冰乖,摸摸头 阿弥陀佛么么哒 好吗好的后2017年新书小说 你坏 作品",￥26.80,0条评价,北京华阅图书专营店
大冰作品集：他们最幸福，好吗好的+乖，摸摸头+阿弥陀佛么么哒单本+我不 5册 请认真选择版本 好吗好的,￥48.00,500+条评价,红斗篷图书专营店
大冰的书我不2017年新出版小说继好吗好的阿弥陀佛么么哒乖摸摸头作品全集故事青春书籍畅销,￥39.00,4条评价,九州国学图书专营店
我不 大冰新书 继好吗好的、阿弥陀佛么么哒、乖摸摸头又一新作 青春励志文学小说,￥39.00,10+条评价,科宇图书专营店
赠涂色书套装5册大冰新书你坏+我不+好吗好的+乖摸摸头+阿弥陀佛么么哒 暖心故事青春励志文学畅销,￥191.60,70+条评价,百尺楼图书专营店
【随机赠3张明信片正版包邮】大冰全套5册 套装5册 2018 你坏 新五本,￥99.90,100+条评价,舜博图书专营店
好吗.好的 大冰 青春励志文学小说人生哲学 心灵鸡汤励志籍作品集我不、乖摸摸头等,￥38.20,300+条评价,凤凰新华书店旗舰店
大冰2017新书：我不 亚洲好书榜 百万级畅销书作者大冰2017年新书！于寒冷的北极煲一碗醒心汤，用温暖的故事结一段小善缘，陪,￥39.00,30+条评价,常州新华书店图书专营店
大冰的书全套6册 你坏 新书+我不+好吗好的+乖，摸摸头+阿弥陀佛么么哒+他们幸福 作品集,￥169.00,10+条评价,正浩图书专营店
新华书店正版 好吗好的+乖摸摸头+阿弥陀佛么么哒 全套装共3册 青春励志文学小说,￥75.90,10+条评价,福建新华书店旗舰店
大冰的书套装 你坏+我不+阿弥陀佛么么哒+好吗好的+乖，摸摸头,￥143.70,7条评价,文轩网精品图书专营店
你坏 大冰 2018文学新书 我不 乖 摸摸头 好吗好的 散文随笔青春励志文学情感小说畅销书籍,￥28.90,1条评价,奥华元图书
我不+乖 摸摸头+阿弥陀佛么么哒+好吗好的 全4册,￥142.90,1条评价,文轩网精品图书专营店
大冰的书套装 你坏+我不+阿弥陀佛么么哒+好吗好的+乖，摸摸头,￥130.30,0条评价,文轩网教育考试专营店
"励志3册 我不 大冰的书+你若不勇敢谁替你坚强+你若盛开清风自来不畏将来,不念过去",￥78.00,30+条评价,聚德实达图书专营店
大冰的书全套5册正版 你坏+我不+阿弥陀佛么么哒+乖，摸摸头+好吗好的 小说作品集全集暖心故图书,￥169.00,0条评价,木森图书专营店
大冰的书套装 你坏+我不+阿弥陀佛么么哒+好吗好的+乖，摸摸头,￥187.80,0条评价,文轩网少儿专营店
我不+乖 摸摸头+阿弥陀佛么么哒+好吗好的 全4册,￥105.30,8条评价,文轩网精品图书专营店
大冰的书全套4册 我不+ 好吗好的+阿弥陀佛么么哒+乖摸摸头 百万级畅销作者,￥144.00,3条评价,同娱专营店
大冰的书全套4册 我不+ 好吗好的+阿弥陀佛么么哒+乖摸摸头 百万级畅销作者,￥144.00,0条评价,聚德实达图书专营店
大冰的书 全套五册,￥187.80,0条评价,宿迁新华书店图书专营店
大冰的书全套4册 我不+ 好吗好的+阿弥陀佛么么哒+乖摸摸头 百万级畅销作者,￥144.00,0条评价,盛世九九图书专营店
【正版包邮】大冰的书全册 你坏+我不+阿弥陀佛么么哒+好吗好+乖 摸摸头,￥135.00,1000+条评价,文轩网旗舰店
大冰的书全套4册 我不+ 好吗好的+阿弥陀佛么么哒+乖摸摸头 百万级作者,￥144.00,2条评价,晟贤图书专营店
正版 新书 现货大冰的书 全套五册 你坏+我不+好吗好的+乖摸摸头+阿弥陀佛么么哒 青春文学书籍,￥139.80,0条评价,大地书苑
大冰的书全套5册正版包邮 你坏+我不+阿弥陀佛么么哒+乖，摸摸头+好吗好的 小说作品集全集暖心故,￥191.60,6条评价,荒漠甘霖图书专营店
正版 乖，摸摸头 大冰著 12个不舍得读完的暖心励志故事 青春励志畅销书籍,￥36.00,0条评价,荒漠甘霖图书专营店
我不 大冰的书 新华书店正品保证，70%城市次日达，进入店铺更多优惠！,￥38.20,20+条评价,文轩网精品图书专营店
大冰的书全套五册你坏+ 我不+好的好吗+乖摸摸头+阿弥陀佛么么哒畅销书籍温暖青春文学小说新书籍,￥138.00,0条评价,七色花图书专营店
大冰的书全套4册 我不+ 好吗好的+阿弥陀佛么么哒+乖摸摸头 百万级畅销作者,￥144.00,1条评价,卓越书香图书专营店
阿弥陀佛么么哒 大冰续乖摸摸头后新书 12个不舍得读完暖心故事青春励志小说,￥37.00,0条评价,晟贤图书专营店
大冰的书共4册：阿弥陀佛 么么哒+乖 摸摸头+好吗好的+我不（套装）励志经典书籍,￥103.00,0条评价,书色图书专营店
大冰的书 阿弥陀佛么么哒 + 东野圭吾 的 解忧杂货店 套装2册 名家小说作品图书,￥73.00,0条评价,沐雨经霜图书专营店
大冰 的书作品集 全6册（作者签名 一本） 你坏 + 好吗好的 +乖，摸摸头+书籍,￥180.00,0条评价,子午图书专营店
你坏 大冰2018新书 继我不好吗好的乖摸摸头阿弥陀佛么么哒全套四册后新作,￥29.70,30+条评价,博库网旗舰店
现货正版《好吗 好的》 大冰的书 青春励志文学小说人生哲学 乖摸摸头阿弥陀佛么么哒作品集,￥35.10,0条评价,钟书图书专营店
我不 大冰的书 新华书店正品保证，70%城市次日达，进入店铺更多优惠！,￥26.90,0条评价,文轩网教育考试专营店
大冰的书 全套五册,￥136.00,0条评价,北方文艺出版社图书旗舰店
大冰的书全套6册 你坏 新书+我不+好吗好的+乖，摸摸头+阿弥陀佛么么哒+他们幸福 作品集,￥169.00,0条评价,道正图书专营店
"现货正版《乖,摸摸头》大冰的书 阿弥陀佛么么哒 好吗好的姊妹篇 12个不舍得读完的暖心励志",￥32.40,4条评价,钟书图书专营店
共3本 我不大冰的书2017新作品你若不勇敢谁替你坚强为梦想豁出去正能量心灵鸡汤乖摸摸头作者,￥68.80,0条评价,天华图书专营店
我不 大冰的2017年新书【抽送阿弥陀佛么么哒+数首原创民谣】野生作家说书人乖摸摸头好吗好的畅销青春,￥38.20,90+条评价,沭阳新华书店图书专营店
现货 你坏（大冰2018年作品）我不大冰2018新 小说畅销,￥45.00,1700+条评价,淘书网图书专卖店
（好吗好的）（签名版作者大冰）中国当代小说 青春文学 小说 作品集 图书,￥39.00,4条评价,沐雨经霜图书专营店
"（乖,摸摸头 ）（签名版作者大冰）中国当代小说 青春文学 小说 作品集， 图书",￥36.00,1条评价,沐雨经霜图书专营店
好吗好的 大冰 暖心情感故事 青春励志文学小说,￥23.90,5条评价,邦儒尔图书专营店
我不+乖 摸摸头+阿弥陀佛么么哒+好吗好的（套装共4册） 青春文学 情感家庭小说书籍排行榜,￥130.70,10+条评价,聚五缘图书音像旗舰店
大冰的书 全4册 我不+好吗好的+乖 摸摸头+阿弥陀佛么么哒 作品集 青春励志文学,￥138.00,0条评价,华纳博文图书专营店
乖.摸摸头 大冰12个不舍得读完的暖心励志故事 作品 【新华书店正版】,￥35.28,0条评价,北京静思源图书专营店
好吗.好的 大冰 青春励志文学小说人生哲学 心灵鸡汤励志书籍作品集我不、乖摸摸头等,￥32.37,0条评价,北京静思源图书专营店
大冰的书全套4册 我不+ 好吗好的+阿弥陀佛么么哒+乖摸摸头 百万级作者,￥144.00,5条评价,中昊欣彩图书专营店
"我不+乖,摸摸头+阿弥陀佛么么哒+好吗好的 全4册套装 青春文学励志书籍 好书",￥102.00,20+条评价,瑞景天宏图书专营店
我不+乖 摸摸头+阿弥陀佛么么哒+好吗好的（套装共4册） 青春文学 情感家庭小说书籍排行榜,￥129.20,0条评价,高高国际图书专营店
正版现货 你坏 百万级畅销书作者大冰2018作品，淬火重生的大女儿,￥29.70,0条评价,昊宇轩书店
你坏 大冰的书 大冰新书 正版 现货 北京发货,￥28.00,4条评价,翰林学府图书专营店
大冰新书 我不+好吗好的（套装2册） 正版包邮故宫日历2018 点击购买,￥48.36,90+条评价,木垛图书旗舰店
大冰的书全套4册 我不+ 好吗好的+阿弥陀佛么么哒+乖摸摸头 青春励志文学小说,￥128.00,2条评价,翰墨怡香图书专营店
我不 大冰的书 现货大冰2017年新书青春励志文学小说,￥39.50,30+条评价,国教图书专营店
我不 大冰的书 你坏新出版小说 现当代文学青春励志小说故事籍,￥27.20,10+条评价,天华图书专营店
现货 我不+乖 摸摸头 大冰的书 全2册 套装 新书 小说,￥63.80,20+条评价,慧思文创图书旗舰店
我不 大冰的书 正版现货,￥39.00,0条评价,岳麓书社图书专营店
我不 大冰的书2017新书 大冰著 青春文学励志书籍 好吗好的/阿弥陀佛么么哒/乖摸摸头/我不,￥37.24,6条评价,齐瑞图书专营店
我不 大冰的书包邮 继好吗好的、阿弥陀佛么么哒、乖摸摸头又一新作,￥26.90,6条评价,南京爱读图书专营店
我不大冰 大冰的新书 励志情感小说故事集,￥39.00,800+条评价,吉林出版集团图书专营店
正版 我不 大冰的书2017新书 百万书籍好吗好的/阿弥陀佛么么哒/乖摸摸头的作者 青春文学励志书,￥30.00,0条评价,弘道图书专营店
我不 大冰的书！文学书籍 情感小说 散文随笔 书籍排行榜,￥33.50,10+条评价,聚五缘图书音像旗舰店
正版现货 好吗好的大冰 你坏全新作品集 青春励志文学小说,￥27.80,0条评价,天华图书专营店
正版现货】 你坏 大冰的书 大冰新书,￥28.00,0条评价,津冀腾飞图书专营店
正版现货 你坏 大冰新书 大冰的书我不乖摸摸头 阿弥陀佛么么哒后情感小说文学新书,￥25.90,10+条评价,墨林阁图书专营店
"励志3册 我不 大冰的书+你若不勇敢谁替你坚强+你若盛开清风自来不畏将来,不念过去(平装)",￥79.20,10+条评价,富贵之家图书专营店
你坏 大冰2018作品 我不 乖摸摸头 阿弥陀佛么么哒 好吗好的后2018年新书小说畅销书籍,￥23.00,30+条评价,慧雅丰荷图书专营店
我不大冰的书2017新书大冰作品集大冰的书继阿弥陀佛么么哒乖摸摸头后又一暖心力作青春励志,￥22.60,30+条评价,创品世纪图书专营店
官方正版 我不 大冰 2017新书 好么好的作者著 青春励志书籍 情感/家庭/婚姻小说,￥16.16,3条评价,辽宁出版集团图书专营店
我不：（签名版）（我不 作者大冰的2017年新书 ）中国当代小说 青春文学 小说 作品集：图书,￥39.00,0条评价,沐雨经霜图书专营店
阿弥陀佛么么哒大冰百万畅销书作家大冰作品暖心青春文学励志小说文轩网畅销图籍,￥29.80,5条评价,天信科技图书专营店
大冰的书全套4册 我不+ 好吗好的+阿弥陀佛么么哒+乖摸摸头 青春励志文学小说,￥152.00,0条评价,富贵之家图书专营店
现货大冰新书 我不+好吗好的+乖摸摸头+阿弥陀佛么么哒 全4册,￥85.00,0条评价,华语帛书图书专营店
"大冰的书 正版包邮 大冰作品3册全集 阿弥陀佛么么哒+乖,摸摸头+好吗好的 全套3册 青",￥81.47,6条评价,蔚蓝书店
"现货发售 正版大冰的书全套五册 你坏+我不+好吗好的+乖,摸摸头+阿弥陀佛么么哒",￥230.00,0条评价,红斗篷图书专营店
"正版 大冰作品集共4本 乖,摸摸头+我不+好吗好的+阿弥陀佛么么哒",￥119.50,2条评价,北京童话图书专营店
"励志3册 我不 大冰的书+你若不勇敢谁替你坚强+你若盛开清风自来不畏将来,不念过去(平装)",￥79.20,0条评价,翰墨怡香图书专营店
"现货发售 正版大冰的书全套五册 你坏+我不+好吗好的+乖,摸摸头+阿弥陀佛么么哒",￥115.00,0条评价,博思远图书专营店
全4册大冰的书全套 我不+乖摸摸头+阿弥陀佛么么哒+好吗好 新2017暖心故事,￥152.00,0条评价,荒漠甘霖图书专营店
大冰的书全套5册 大冰2018新书 你坏+我不+阿弥陀佛么么哒+乖，摸摸头+好吗好的 小说作品集,￥118.00,1条评价,人天图书专营店
大冰的书全套四册大冰作品集全集 我不+乖摸摸头+阿弥陀佛么么哒+好吗好的,￥115.00,0条评价,青草书店专营店
"我不 畅销书作者大冰乖,摸摸头 阿弥陀佛么么哒 好吗好的后2017年新书小说 你坏 作品",￥18.00,2条评价,慧雅丰荷图书专营店
"大冰的书 正版 大冰作品3册全集 阿弥陀佛么么哒+乖,摸摸头+好吗好的 全套3册",￥78.12,0条评价,人天图书专营店
现货 正版 好吗好的+我不 套装2册 大冰新作 湖北新华书店,￥74.10,10+条评价,湖北新华书店图书专营店
大冰的书 青春励志文学小说我不 好吗好的 乖摸摸头 阿弥陀佛么么哒你+若不勇敢谁替你坚强全5册 图,￥150.00,0条评价,沐雨经霜图书专营店
大冰的书全套装5册 你坏+好吗好的+我不+乖摸摸头+阿弥陀佛么么哒,￥135.00,0条评价,左右视界图书专营店
大冰的书全套4册 我不+ 好吗好的+阿弥陀佛么么哒+乖摸摸头 青春励志文学小说,￥128.00,2条评价,翰墨怡香图书专营店
"女性励志书籍3册 我不 大冰的书+你若不勇敢谁替你坚强+你若盛开清风自来不畏将来,不念过去(平装)",￥58.00,4条评价,盛世九九图书专营店
大冰的书籍【套装4册】好吗好的+阿弥陀佛么么哒+乖摸摸头+他们幸福 书籍 图书,￥129.00,1条评价,智仁图书专营店
我不+乖，摸摸头 全2册 大冰的书 阿弥陀佛么么哒 好吗好的姊妹篇 12个不舍得读完的暖心励志故事,￥46.50,0条评价,墨马图书旗舰店
大冰的书全套4册 我不+ 好吗好的+阿弥陀佛么么哒+乖摸摸头 百万级作者,￥144.00,2条评价,晟贤图书专营店
大冰的书 全4册 我不+好吗好的+乖 摸摸头+阿弥陀佛么么哒 作品集 青春励志文学,￥145.00,1条评价,学语者图书专营店
"大冰的书全套四册 我不+乖,摸摸头+阿弥陀佛么么哒+好吗 好的我不新书青春文学励志书籍青春励志",￥92.80,0条评价,七色花图书专营店
【单本任选】大冰的书 暖心故事 你坏 我不 好的好吗 乖，摸摸头 阿弥陀佛么么哒 全套5册,￥184.00,0条评价,蚂蚁兵团图书专营店
大冰的书全册：阿弥陀佛么么哒+摸摸头+好吗好的+我不+你坏（套装共5册）野生作家青春文学暖心随笔,￥130.00,0条评价,时代强森图书专营店
正版 大冰的书全套5册 阿弥陀佛么么哒+我不+乖、摸摸头+好吗好的+他们最幸福,￥125.50,0条评价,蔚澜书香图书专营店
"大冰作品集共5册：2017新书我不+好吗好的+他们幸福+乖,摸摸头+阿弥陀佛么么哒线装书局",￥99.00,70+条评价,中建工图书专营店
大冰的书好吗好的+永无止尽的约会（共2册）小说图书,￥54.00,0条评价,沐雨经霜图书专营店
【拍下94元】大冰的书全套5册 你坏（签名版）+我不+乖摸摸头+阿弥陀佛么么哒+好吗好,￥144.00,1500+条评价,蚂蚁兵团图书专营店
大冰作品套装：阿弥陀佛么么哒+摸摸头+好吗好的+我不+你坏（套装共5册）野生作家青春文学暖心随笔,￥187.80,20+条评价,凤凰新华书店旗舰店
正版 我不 大冰的书 励志成功小说 中国当代短篇小说 作品,￥39.00,1条评价,北京童话图书专营店
我不+乖 摸摸头+阿弥陀佛么么哒+好吗好的 全4册,￥76.00,9条评价,中建工图书专营店
我不+乖，摸摸头 全2册 大冰的书 阿弥陀佛么么哒 好吗好的姊妹篇 12个不舍得读完的暖心励志故事,￥46.50,0条评价,润知天下图书专营店
大冰的书 全4册 我不+好吗好的+乖 摸摸头+阿弥陀佛么么哒 作品集 青春励志文学,￥133.20,0条评价,书墨飘香图书专营店
你坏 2018大冰的书 好吗好的阿弥陀佛么么哒乖摸摸头我不 新书籍书,￥29.70,0条评价,锋发韵流图书专营店
"现货大冰的书全套五册 你坏+我不+好吗好的+乖,摸摸头+阿弥陀佛么么哒畅销书籍温暖青春文学小说 wh",￥130.00,0条评价,轻阅时光图书专营店
我不+乖 摸摸头+阿弥陀佛么么哒+好吗好 全4册,￥94.70,60+条评价,文轩网旗舰店
阿弥陀佛么么哒+乖摸摸头 大冰的书现代/当代小说 作品,￥59.00,0条评价,尚学堂图书专营店
【全套5册】大冰的书 你坏（签名版） 我不 乖摸摸头 阿弥陀佛么么哒 好吗好的 新书,￥128.00,0条评价,兴阅图书专营店
大冰的书 全4册 我不+好吗好的+乖 摸摸头+阿弥陀佛么么哒 作品集 青春励志文学,￥151.50,0条评价,北京金鼎祥图书专营店
正版包邮 我不 大冰新书 大冰的书阿弥陀佛么么哒乖摸摸头好吗好的,￥38.00,70+条评价,中信书店
"乖,摸摸头 大冰的书 暖心励志故事随笔青春励志丛书籍短篇小说集 好吗好的阿弥陀佛",￥18.00,0条评价,紫富贵图书专营店
大冰作品集：他们最幸福，好吗好的+乖，摸摸头+阿弥陀佛么么哒单本+我不 5册 请认真选择版本 好吗好的+摸摸头+么么哒+我不 共4册,￥156.00,500+条评价,红斗篷图书专营店
"大冰的书全套四册 我不+乖,摸摸头+阿弥陀佛么么哒+好吗 好的 我不新书青春小说文学书籍 校园励",￥78.00,0条评价,书墨飘香图书专营店
我不 百万级书作家大冰2017年新作！用温暖故事结一段小善缘，陪你微笑着对命运说,￥38.80,0条评价,晟贤图书专营店
大冰的书我不继乖摸摸头好吗好的阿弥陀佛么么哒后又一力作你要配得上自己所受的苦青春文学小说励志书共3册,￥89.00,0条评价,兴杰图书专营店
全4册大冰的书全套 我不+乖摸摸头+阿弥陀佛么么哒+好吗好的 新书2017暖心故事,￥152.00,0条评价,荒漠甘霖图书专营店
阿弥陀佛么么哒+乖摸摸头 大冰的书现代/当代小说 作品HQ,￥72.52,9条评价,齐瑞图书专营店
"阿弥陀佛么么哒+乖,摸摸头+好吗好的 全三册/3册青春励志文学小说 暖心故事",￥66.00,0条评价,谦源文化图书专营店
正版 大冰的书江湖四部曲全套四4册 2017新书 我不+乖摸摸头+阿弥陀佛么么哒+好吗好的,￥138.45,0条评价,北京新脚步图书专营店
【单本任选】大冰的书 暖心故事 你坏 我不 好的好吗 乖，摸摸头 阿弥陀佛么么哒 你坏,￥39.00,0条评价,蚂蚁兵团图书专营店
【单本任选】大冰的书 暖心故事 你坏 我不 好的好吗 乖，摸摸头 阿弥陀佛么么哒 好吗好的,￥39.00,0条评价,蚂蚁兵团图书专营店
【正版包邮】大冰的书全册 你坏+我不+阿弥陀佛么么哒+好吗好+乖 摸摸头,￥94.80,10+条评价,文轩网旗舰店
【单本任选】大冰的书 暖心故事 你坏 我不 好的好吗 乖，摸摸头 阿弥陀佛么么哒 阿弥陀佛么么哒,￥38.00,0条评价,蚂蚁兵团图书专营店
【单本任选】大冰的书 暖心故事 你坏 我不 好的好吗 乖，摸摸头 阿弥陀佛么么哒 我不,￥39.00,0条评价,蚂蚁兵团图书专营店
【单本任选】大冰的书 暖心故事 你坏 我不 好的好吗 乖，摸摸头 阿弥陀佛么么哒 乖 摸摸头,￥36.00,0条评价,蚂蚁兵团图书专营店
好吗 好的 大冰2016新书 继乖 摸摸头 阿弥陀佛么么哒后全新书籍,￥26.00,5条评价,书色图书专营店
乖摸摸头 短篇小说集 大冰的书 现当代情感小说青春文学12个暖心励志故事读物书籍 文学小说榜随笔,￥35.28,0条评价,浩瀚苑图书专营店
好吗好的 大冰的书 青春励志文学小说人生哲学 乖摸摸头阿弥陀佛么么哒作品集 成功正能量 心灵鸡汤文学,￥38.22,0条评价,浩瀚苑图书专营店
大冰的书全册：阿弥陀佛么么哒+摸摸头+好吗好的+我不+你坏（套装共5册）野生作家青春文学暖心随笔,￥169.00,0条评价,黄金美玉图书专营店
阿弥陀佛么么哒 百万级畅销书《乖，摸摸头》作者作品 12个不舍得读完真实江湖故事,￥34.21,300+条评价,博库网旗舰店
阿弥陀佛么么哒 大冰的书 青春文学 情感励志畅销书籍【新华书店正版书籍】,￥37.20,3条评价,沭阳新华书店图书专营店
好吗.好的 大冰 青春励志文学小说人生哲学 心灵鸡汤励志书籍作品集我不乖摸摸头等,￥38.20,1条评价,沭阳新华书店图书专营店
正版 大冰的书江湖四部曲全套四4册 2017新书 我不+乖摸摸头+阿弥陀佛么么哒+好吗好的,￥138.45,0条评价,清风伟业图书专营店
我不 大冰的书 好吗好的 阿弥陀佛么么哒 乖摸摸头又一新作,￥25.80,20+条评价,欣泰教育图书专营店
阿弥陀佛么么哒 大冰的书 青春文学 情感励志书籍,￥28.50,0条评价,秋月满园图书专营店
正版 大冰的书江湖四部曲全套四4册 2017新书 我不+乖摸摸头+阿弥陀佛么么哒+好吗好的,￥139.00,0条评价,情深似海图书专营店
正版 我不 大冰新书2017大冰的书乖 摸摸头阿弥陀佛么么哒好吗 好的 正版情感,￥25.00,5条评价,轻阅时光图书专营店
正版 乖，摸摸头 大冰 12个不舍得读完的暖心励志故事青春励志 籍,￥23.50,6条评价,金帛三木图书专营店
大冰作品集 好吗 好的+乖摸摸头+阿弥陀佛么么哒全套3本青春励志文学小说,￥69.00,8条评价,创品世纪图书专营店
正版现货 乖 摸摸头 大冰的书 心灵励志图书图书经典文学小说书籍榜单小说,￥24.50,0条评价,畅世雕龙图书专营店
现货新书你坏 大冰著 新书 大冰新书大冰的书我不乖摸摸头 阿弥陀佛么么哒后情感小说文学新书wh,￥31.50,10+条评价,轻阅时光图书专营店
大冰的书我不继 乖 摸摸头好吗好的阿弥陀佛么么哒后又一力作青春文学小说励志书校园散文随笔,￥34.80,0条评价,凯福图书专营店
正版 大冰的书江湖四部曲全套四4册 2017新书 我不+乖摸摸头+阿弥陀佛么么哒+好吗好的 图片色,￥138.45,0条评价,晓寒深处图书专营店
正版 大冰的书江湖四部曲全套四4册 2017新书 我不+乖摸摸头+阿弥陀佛么么哒+好吗好的情感文学小,￥138.45,0条评价,宏达图书专营店
正版 大冰的书江湖四部曲全套四4册 2017新书 我不+乖摸摸头+阿弥陀佛么么哒+好吗好的,￥139.00,0条评价,煜轩图书专营店
大冰的书 全套四册 我不+好吗好的+乖摸摸头+阿弥陀佛么么哒 青春文学籍,￥84.00,300+条评价,淘书网图书专卖店
正版 大冰的书江湖四部曲全套四4册 2017新书 我不+乖摸摸头+阿弥陀佛么么哒+好吗好的,￥139.00,0条评价,圣云堂图书专营店
正版 大冰的书江湖四部曲全套四4册 2017新书 我不+乖摸摸头+阿弥陀佛么么哒+好吗好的 图片色,￥139.00,0条评价,枫林艺扬图书专营店
我不 大冰的书,￥26.50,0条评价,畅世雕龙图书专营店
阿弥陀佛么么哒大冰百万畅销书作家大冰作品暖心青春文学励志小说文轩网畅销图籍,￥28.80,3条评价,博采图书专营店
正版 大冰的书江湖四部曲全套四4册 2017新书 我不+乖摸摸头+阿弥陀佛么么哒+好吗好的 #99FFFF #34,￥138.45,0条评价,埫淑坊图书专营店
正版 大冰的书江湖四部曲全套四4册 2017新书 我不+乖摸摸头+阿弥陀佛么么哒+好吗好的,￥138.45,0条评价,学贯中西图书专营店
正版 大冰的书江湖四部曲全套四4册 2017新书 我不+乖摸摸头+阿弥陀佛么么哒+好吗好的 图片色,￥139.00,0条评价,宇徽图书专营店
我不 大冰的书2017新书 继好吗好的 阿弥陀佛么么哒 乖摸摸头作者我不暖心故事青春,￥39.00,1条评价,荒漠甘霖图书专营店
我不 大冰2017新书好吗好的 阿弥陀佛么么哒 乖摸摸头的作者,￥39.00,7条评价,人天图书专营店
大冰的新书全四册 好吗好的+乖摸摸头+阿弥陀佛么么哒+他们幸福】青春励志文学小说情感淡季,￥102.00,0条评价,清风伟业图书专营店
心若在·梦就在 一个中国家庭的生活细节与时代痕迹 中国当代散文随笔个人成长自传青春文学小说励,￥47.95,0条评价,诚达互联图书专营店
【现货】你坏 大冰 新书 继我不好吗好的阿弥陀佛么么哒乖摸摸头全套四五册后短篇文学励志小说,￥29.70,70+条评价,华纳博文图书专营店
大冰的书 全4册 我不+好吗好的+乖 摸摸头+阿弥陀佛么么哒 作品集 青春励志文学,￥110.20,0条评价,良朴图书专营店
我不大冰的书2017年新出版小说继好吗好的阿弥陀佛么么哒乖摸摸头作品全集故事青春书籍畅销,￥39.00,80+条评价,本本图书旗舰店
"新华书店正版 2017大冰的书 我不+乖,摸摸头+阿弥陀佛么么哒+好吗好的 全4册 套装 情感文学小",￥108.00,0条评价,情深似海图书专营店
大冰的新书全四册 好吗好的+乖摸摸头+阿弥陀佛么么哒+他们幸福】青春励志文学小说情感淡季,￥102.48,0条评价,广结良缘图书专营店
【正版速发】我不+乖，摸摸头+阿弥陀佛么么哒+好吗好的 全四册 新书,￥78.00,5条评价,云图盛世图书专营店
大冰的新书全四册 好吗好的+乖摸摸头+阿弥陀佛么么哒+他们幸福】青春励志文学小说情感淡季,￥100.20,0条评价,海源阁图书专营店
我不大冰的书2017年新出版小说继好吗好的阿弥陀佛么么哒乖摸摸头作品全集故事青春书籍畅销,￥39.00,0条评价,北京世纪鸿运图书专营店
乖摸摸头 百万级畅销书作者大冰 心灵励志图经典文学随笔小说畅销籍好吗好我不 湖北新华店,￥33.48,90+条评价,湖北新华书店图书专营店
正版 大冰的书江湖四部曲全套四4册 2017新书 我不+乖摸摸头+阿弥陀佛么么哒+好吗好的,￥139.00,0条评价,途创图书专营店
大冰的新书全四册 好吗好的+乖摸摸头+阿弥陀佛么么哒+他们幸福】青春励志文学小说情感淡季 图片色,￥101.73,0条评价,枫林艺扬图书专营店
"大冰作品集 乖,摸摸头 青春励志文学小说阿弥陀佛么么哒姊妹篇 文艺小说随笔",￥36.00,40+条评价,创品世纪图书专营店
大冰的新书全四册 好吗好的+乖摸摸头+阿弥陀佛么么哒+他们幸福】青春励志文学小说情感淡季,￥101.73,0条评价,旭洋景辉图书专营店
大冰的新书全四册 好吗好的+乖摸摸头+阿弥陀佛么么哒+他们幸福】青春励志文学小说情感淡季,￥102.00,0条评价,煜轩图书专营店
正版 大冰的书江湖四部曲全套四4册 2017新书 我不+乖摸摸头+阿弥陀佛么么哒+好吗好的 图片色,￥139.00,0条评价,世纪恒悦图书专营店
"我不 大冰著的书 热销图书!优质商品低价,,完善售后,超值优惠！带你做一个读书人!读书,爱书,藏书",￥20.00,0条评价,时代强森图书专营店
我不 大冰的书 你坏新出版小说 现当代文学青春励志小说故事籍,￥27.20,10+条评价,天华图书专营店
你坏 大冰继我不好吗好的阿弥尼陀佛么么哒乖摸摸头全套四五册后的2018兵正版新书 短篇文学励志小说,￥32.80,8条评价,盛世九九图书专营店
现货 大冰新书：好吗好的+我不 套装共2册 小说,￥66.30,3条评价,慧思文创图书旗舰店
大冰的新书全四册 好吗好的+乖摸摸头+阿弥陀佛么么哒+他们幸福】青春励志文学小说情感淡季,￥100.98,0条评价,风影寒月图书专营店
大冰的新书全四册 好吗好的+乖摸摸头+阿弥陀佛么么哒+他们幸福】青春励志文学小说情感淡季,￥102.00,1条评价,学贯中西图书专营店
大冰的新书全四册 好吗好的+乖摸摸头+阿弥陀佛么么哒+他们幸福】青春励志文学小说情感淡季 图片色,￥102.00,0条评价,宇徽图书专营店
大冰的新书全四册 好吗好的+乖摸摸头+阿弥陀佛么么哒+他们幸福】青春励志文学小说情感淡季 #FFBBFF #5,￥102.00,0条评价,埫淑坊图书专营店
大冰的新书全四册 好吗好的+乖摸摸头+阿弥陀佛么么哒+他们幸福】青春励志文学小说情感淡季,￥101.73,0条评价,北京欢声雷动图书专营店
阿弥陀佛么么哒大冰百万畅销书作家大冰作品暖心青春文学励志小说文轩网畅销图籍,￥29.80,5条评价,天信科技图书专营店
乖 摸摸头 大冰的书 心灵励志图书图书经典文学小说书籍榜单小说,￥18.80,0条评价,紫富贵图书专营店
大冰的新书全四册 好吗好的+乖摸摸头+阿弥陀佛么么哒+他们幸福】青春励志文学小说情感淡季,￥102.00,0条评价,圣云堂图书专营店
心若在·梦就在 一个中国家庭的生活细节与时代痕迹 中国当代散文随笔个人成长自传青春文学小说励,￥47.95,0条评价,风影寒月图书专营店
现货正版《阿弥陀佛么么哒》+《乖 摸摸头》 全两册 新书 不舍得读完的暖心励志故事,￥66.60,30+条评价,钟书图书专营店
短篇小说集 大冰的书 乖摸摸头大冰书 现当代情感小说青春文学12个暖心励志故事读物书籍 好吗好的我不,￥35.00,0条评价,番茄雅图书专营店
你坏 大冰2018年作品 定制版·大冰小屋集戳地图,￥36.10,10+条评价,济南报业图书专营店
大冰的新书全四册 好吗好的+乖摸摸头+阿弥陀佛么么哒+他们幸福】青春励志文学小说情感淡季 图片色,￥101.73,0条评价,途创图书专营店
正版现货 我不+你坏 共2册 励志成功作品 百万级畅销作者2018作品,￥55.00,9条评价,昊宇轩书店
大冰的新书全四册 好吗好的+乖摸摸头+阿弥陀佛么么哒+他们幸福】青春励志文学小说情感淡季 图片色,￥102.00,0条评价,世纪恒悦图书专营店
2018大冰新书 你坏 我不 好吗好的+乖摸摸头+阿弥陀佛么么哒+他们最幸福6本畅销小说励志小品,￥143.00,80+条评价,淘书网图书专卖店
我不 大冰著的书,￥34.00,0条评价,黄金美玉图书专营店
阿弥陀佛么么哒 大冰续乖摸摸头后新书 12个不舍得读完的暖心故事青春励志小说正版图书,￥18.80,0条评价,紫富贵图书专营店
新华书店正版 好吗好的 大冰著 湖南文艺出版社 小说 书,￥25.50,6条评价,福建新华书店旗舰店
你坏 大冰的新书2018我不好吗好的阿弥尼陀佛么么哒乖摸摸头后短篇文学励志小说作品集畅销书籍排行榜,￥24.00,0条评价,创品世纪图书专营店
现货正版《阿弥陀佛么么哒》大冰 百万级书 不舍得读完的暖心励志故事 好吗好的+乖摸摸头大冰,￥34.20,0条评价,钟书图书专营店
大冰的书经典4册套装 我不+好吗好的+乖摸摸头+阿弥陀佛么么哒 青春小说文学籍校园励志作品集,￥144.40,5条评价,湖北新华书店图书专营店
你坏 大冰2018作品！ 用《你坏》向你说声：你好。随书奉送40余首有钱也买不到的原创民谣。,￥28.50,0条评价,社科教育图书专营店
大冰作品（全套5册） 你坏+我不+阿弥陀佛么么哒+乖，摸摸头+好吗好的 作品集暖心故事 正版书籍,￥138.00,0条评价,翰林学府图书专营店
大冰作品集 套装两册 我不+好吗好的 大冰新书,￥49.00,6条评价,淘书网图书专卖店
包邮 大冰套装 你坏+我不+好吗，好的+阿弥陀佛么么哒+乖，摸摸头 全新套装含2018,￥145.00,20+条评价,中南博集天卷官方旗舰店
"我不+乖,摸摸头+阿弥陀佛么么哒+好吗好的 全4册 套装 新书青春励志情感",￥107.51,1条评价,蔚蓝书店
阿弥陀佛么么哒+一个人的朝圣2 大冰作品 套装2册 畅销书 文学小说,￥55.90,9条评价,北京童话图书专营店
好吗.好的 你要买什么书，本店都有！跨店满减火爆进行中，更多超值优惠尽在泰州新华书店~我在等你哦,￥38.20,0条评价,泰州新华书店图书专营店
阿弥陀佛么么哒大冰百万畅销书作家大冰作品暖心青春文学励志小说文轩网畅销图籍,￥28.80,3条评价,博采图书专营店
好吗.好的 你要买什么书，本店都有！跨店满减火爆进行中，更多超值优惠尽在泰州新华书店~我在等你哦,￥38.20,0条评价,泰州新华书店图书专营店
正版签名本 大冰 我不青春励志 散文随笔 乖 摸摸头 阿弥陀佛么么哒 好吗 好的,￥29.00,40+条评价,联合书城图书专营店
我不 大冰的2017年新书【抽送阿弥陀佛么么哒+数首原创民谣】野生作家说书人乖摸摸头好吗好的畅销青春,￥21.00,0条评价,童梦坊童书专营店
正版现货 好吗好的大冰 你坏全新作品集 青春励志文学小说,￥27.80,0条评价,天华图书专营店
现货大冰新书 我不+好吗好的+乖摸摸头+阿弥陀佛么么哒 全4册 暖心故事 青春励志文学畅销,￥152.00,90+条评价,百尺楼图书专营店
《好吗，好的》大冰作品 百万级畅销书《乖，摸摸头》《阿弥陀佛么么哒》2016年大冰新书。,￥29.00,1条评价,中邮图书专营店
新书正版 套装2册 你坏+我不 大冰新书 温暖的故事 小说畅销书,￥62.80,0条评价,北京童话图书专营店
好吗 好的,￥25.35,10+条评价,中关村图书大厦图书音像专营店
"我不+乖,摸摸头+阿弥陀佛么么哒+好吗好的 全4册 套装 新书青春励志情感",￥90.11,0条评价,人天图书专营店
你坏 大冰2018年新书 淬火重生的大女儿 用《你坏》向你说声：你好小说情感书籍排行榜,￥33.70,0条评价,高高国际图书专营店
你坏 大冰2018年新书 淬火重生的大女儿 用《你坏》向你说声：你好 畅销小说情感书籍排行榜,￥34.10,0条评价,聚五缘图书音像旗舰店
大冰的书 全4册 我不+好吗好的+乖 摸摸头+阿弥陀佛么么哒 作品集 青春励志文学,￥138.00,0条评价,华纳博文图书专营店
好吗 好的 大冰2016新书 继乖 摸摸头 阿弥陀佛么么哒后全新作品集 四色彩插心灵 10个暖心故事,￥36.80,0条评价,卓越书香图书专营店
你坏 大冰2018年新书 淬火重生的大女儿 用《你坏》向你说声：你好 畅销小说情感书籍排行榜,￥33.70,0条评价,慧思文创图书旗舰店
好吗 好的 大冰2016新书 继乖 摸摸头 阿弥陀佛么么哒后全新作品集 四色彩插心灵 10个暖心故事,￥36.80,0条评价,晟贤图书专营店
【正版现货 拍下即发】好吗好的 大冰2016新书 继《 阿弥陀佛么么哒》后全新作品集,￥27.80,0条评价,阳光润弘图书专营店
【现货 赠大冰海报】好吗好的 大冰2016新书 继《乖摸摸头》《 阿弥陀佛么么哒》后全新作品集,￥26.60,0条评价,弘道图书专营店
【现货】你坏 大冰 新书 继我不好吗好的阿弥陀佛么么哒乖摸摸头全套四五册后的短篇文学励志小说,￥29.70,70+条评价,华纳博文图书专营店
大冰京东套装：么么哒+摸摸头+好吗好的+我不,￥152.00,7条评价,常州新华书店图书专营店
【拍下95元】大冰的书全套5册 你坏 我不 乖摸摸头 阿弥陀佛么么哒 好吗好,￥178.00,0条评价,多远图书专营店
"好吗,好的 大冰2016新书 继乖摸摸头 阿弥陀佛么么哒后全新作品集 四色彩插 心灵盛宴",￥22.70,30+条评价,阔步专营店
套装5册大冰新书你坏+我不+好吗好的+乖摸摸头+阿弥陀佛么么哒 暖心故事青春励志文学畅销,￥116.00,8条评价,齐瑞图书专营店
微微一笑很倾城（豪华典藏版）+2016大冰新书 好吗好的 共2本 他们幸福 等后新作,￥68.80,1条评价,百尺楼图书专营店
正版大冰我不新书好吗好的阿弥陀佛么么哒乖摸摸头2017新作青春文学散文随笔小说正版畅销书籍,￥152.00,1条评价,九州国学图书专营店
我不 大冰2017新书 好吗好的+乖摸摸头+阿弥陀佛么么哒 全4本,￥196.30,0条评价,云宵争鸣图书专营店
好吗好的（京东大冰有声书签，大冰暖声为你讲故事！）,￥28.50,0条评价,大地书苑
"大冰作品集共5册：2017新书我不+好吗好的+他们幸福+乖,摸摸头+阿弥陀佛么么哒线装书局",￥159.00,8条评价,浩海书香图书专营店
大冰的书全套5册正版包邮 你坏+我不+阿弥陀佛么么哒+乖，摸摸头+好吗好 小说作品集全集暖心故,￥191.60,6条评价,荒漠甘霖图书专营店
岛上书店+2016大冰新书 好吗好的 他们幸福 乖，摸摸头 阿弥陀佛么么哒后新作品,￥74.00,3条评价,百尺楼图书专营店
忽然七日+2016大冰新书 好吗好的 共2本他们幸福 乖，摸摸头 阿弥陀佛么么哒后新作品,￥77.00,1条评价,百尺楼图书专营店
"乖,摸摸头+我不+好吗好的+阿弥陀佛么么哒 新书作品集全4本 青春文学励志畅销书籍 正版",￥149.00,3条评价,沭阳新华书店图书专营店
"大冰作品集共5册：2017新书我不+好吗好的+他们幸福+乖,摸摸头+阿弥陀佛么么哒书籍 图书",￥155.88,10+条评价,智仁图书专营店
好吗好的 正版图书 大冰 著 杂文9787540476892,￥32.60,0条评价,裕盛星官方旗舰店
好吗好的 大冰 著 正版杂文书籍,￥27.30,0条评价,北方文艺出版社图书旗舰店
好吗好的 大冰 著 正版杂文书籍,￥27.30,0条评价,锦素图书专营店
【支持正版】大冰的书全册 大冰新书你坏+我不+阿弥陀佛么么哒+乖摸摸头+好么好 暖心励志小说,￥198.00,60+条评价,葫芦弟弟图书专营店
大冰 2017新书 好吗好的+他们幸福+阿弥陀佛么么哒+乖，摸摸头 全4本,￥147.80,20+条评价,博雅世图图书专营店
"大冰作品集共5册：2017新书我不+好吗好的+他们幸福+乖,摸摸头+阿弥陀佛么么哒线装书局",￥159.00,0条评价,秋月满园图书专营店
现货 大冰套装全四册 我不+好吗好的+阿弥陀佛么么哒+乖，摸摸头书籍,￥97.10,0条评价,子午图书专营店
我不 大冰2017新书 百万级畅销书作者大冰2017年新书！用温暖的故事结一段小善缘，陪你微笑着对命运说：我不！,￥17.79,0条评价,锦瑭图书专营店
你坏 大冰继我不好吗好的阿弥尼陀佛么么哒乖摸摸头全套四五册后的2018兵正版新书 短篇文学励志小说,￥30.10,0条评价,安庆新华书店图书专营店
"大冰作品集共5册：2017新书我不+好吗好的+他们最幸福+乖,摸摸头+阿弥陀佛么么哒",￥103.90,0条评价,至诚经典图书专营店
"大冰作品集共5册：2017新书我不+好吗好的+他们最幸福+乖,摸摸头+阿弥陀佛么么哒青春文学励志小说",￥125.80,2条评价,新道图书专营店
好吗好的 大冰 著 杂文正版书籍文学散文经管励志图书小说书店,￥27.30,0条评价,新课堂书刊专营店
好吗好的 正版图书 大冰 著 杂文9787540476892,￥27.50,0条评价,新华书店图书专营店
大冰：你坏（大冰2018年作品）（博集天卷）,￥39.60,3条评价,常州新华书店图书专营店
"正版 我不大冰乖,摸摸头 阿弥陀佛么么哒 好吗好的后2017年新书小说 你坏 作品",￥26.80,0条评价,华阅时代图书专营店
好吗好的 大冰 著 杂文正版书籍文学散文经管励志图书小说书店,￥27.71,0条评价,谦源文化图书专营店
大冰京东套装：么么哒+摸摸头+好吗好的+我不（套装共4册） 爱情青春小说 情感家庭婚姻小说 励志小说,￥139.79,2条评价,宏坤图书音像专营店
萤火虫小巷+2016大冰新书《好吗 好的》他们幸福 乖，摸摸头 阿弥陀佛么么哒后新作,￥75.00,0条评价,百尺楼图书专营店
大冰新书 我不+好吗好的+阿弥陀佛么么哒+乖摸摸头（全套共4册）,￥94.24,100+条评价,木垛图书旗舰店
全4册大冰的书全套 我不+乖摸摸头+阿弥陀佛么么哒+好吗好 新2017暖心故事,￥152.00,0条评价,荒漠甘霖图书专营店
现货包邮 你坏 大冰2018新书 同系列好吗好的 我不 乖摸摸头 阿弥陀佛么么哒,￥29.70,20+条评价,兴阅图书专营店
大冰的【套装4册】好吗好的+阿弥陀佛么么哒+乖摸摸头+他们幸福 ，书，，图书,￥98.00,0条评价,木森图书专营店
大冰 2017新书 好吗好的+他们幸福+阿弥陀佛么么哒+乖，摸摸头 全4本,￥192.10,0条评价,云宵争鸣图书专营店
"大冰作品集共5册：作者大冰签名一本我不+好吗好的+他们幸福+乖,摸摸头+阿弥陀佛么么哒书籍",￥156.00,0条评价,子午图书专营店
你坏大冰 我不好吗好的乖摸摸头阿弥陀佛么么哒 2018作品 小说书籍畅销书排行榜,￥31.80,0条评价,七色花图书专营店
大冰新书 你坏+我不+好吗好的+乖摸摸头+阿弥陀佛么么哒 全5册 暖心故事 青春励志文学,￥95.00,0条评价,阅读人生图书专营店
好吗.好的 大冰 青春励志文学小说人生哲学 心灵鸡汤励志书籍作品集我不、乖摸摸头等,￥38.20,1条评价,沭阳新华书店图书专营店
我不 大冰的书2017新书 继好吗好的 阿弥陀佛么么哒 乖摸摸头作者我不暖心故事青春,￥39.00,1条评价,荒漠甘霖图书专营店
阿弥陀佛，么么哒 大冰继乖摸摸头后又一新书 12个不舍得读完的暖心故事青春励志书籍,￥25.50,9条评价,书色图书专营店
我不 大冰2017年新书 继好吗好的 之后新作 青春励志文学小说,￥29.00,0条评价,慧谷图书专营店
好吗好的+乖摸摸头+阿弥陀佛么么哒（共3册） WB,￥77.00,1条评价,微博图书旗舰店
新华书店正版【下单减5元】大冰作品套装：么么哒+摸摸头+好吗好的+我不+你坏（套装共5册）小说 书,￥138.90,0条评价,福建新华书店旗舰店
"我不 百万级畅销书作者大冰乖,摸摸头 阿弥陀佛么么哒 好吗好的后2017年新书小说 你坏 作品",￥25.00,0条评价,聚知弘文图书专营店
大冰作品集5册 你 坏+ +好吗好的+他们幸福+乖摸摸头+阿弥陀佛么么哒书籍,￥148.00,3条评价,沐雨经霜图书专营店
"正版 我不大冰乖,摸摸头 阿弥陀佛么么哒 好吗好的后2017年新书小说 你坏 作品",￥28.10,0条评价,华阅图书专营店
大冰 新书全3本 好吗好的+乖摸摸头+阿弥陀佛么么哒 青春励志文学暖心小说四色彩插心灵盛宴,￥146.60,0条评价,云宵争鸣图书专营店
我不+乖 摸摸头+阿弥陀佛么么哒+好吗好的,￥149.00,0条评价,泰州新华书店图书专营店
新华书店正版【下单减5元】乖摸摸头+好吗好的+我不+阿弥陀佛么么哒 著 小说书,￥103.90,4条评价,福建新华书店旗舰店
脱线森林（想你的夜晚数羊没用）+大冰新书我不,￥53.66,0条评价,木垛图书旗舰店
现货 正版新书 你坏 大冰2018年作品 百万级畅销书作者大冰2018作品 随书奉送40余首有钱也买不到的原创民谣,￥29.70,0条评价,立达书店图书专营店
阿弥陀佛么么哒 大冰作品 大冰续乖摸摸头后 12个不舍得读完的睡前故事 书籍,￥25.80,0条评价,畅世雕龙图书专营店
现货】你坏 大冰2018作品 我不 乖摸摸头 阿弥陀佛么么哒 好吗好的后2018年新书,￥29.70,0条评价,神州图书专营店
"大冰新书大冰作品集全4本 乖,摸摸头+我不+好吗好的阿弥陀佛么么哒 青春文学 励志书籍",￥137.81,0条评价,北京静思源图书专营店
乖 摸摸头 《他们*幸福》作者大冰 12个不舍得读完的暖心励志故事青春励志 书籍,￥24.50,0条评价,书墨飘香图书专营店
￥25.80,￥27.80,正版现货 好吗好的大冰 你坏全新作品集 青春励志文学小说 书,0条评价
你坏 大冰2018作品 我不 乖摸摸头 阿弥陀佛么么哒 好吗好的后2018年新书小说畅销书籍,￥39.60,0条评价,荒漠甘霖图书专营店
阿弥陀佛么么哒 大冰作品 大冰续乖摸摸头后 12个不舍得读完的睡前故事 书籍,￥25.80,0条评价,书墨飘香图书专营店
【特】 阿弥陀佛么么哒（《乖，摸摸头》作者2015新书）,￥32.30,100+条评价,中关村图书大厦旗舰店
阿弥陀佛么么哒+乖摸摸头 套装2册 大冰2015年新书 畅销文学,￥63.64,100+条评价,世纪慧泉旗舰店
你坏 大冰2018新书 继我不 好吗好的 乖摸摸头 阿弥陀佛么么哒后作,￥39.21,30+条评价,宏坤图书音像专营店
大冰作品集共5册 新书你坏+我不+阿弥陀佛么么哒+好吗好的+乖，摸摸头 随书附赠买不到的民谣,￥128.90,0条评价,瑞景天宏图书专营店
大冰“江湖故事”系列：么么哒+摸摸头+好吗好的+我不+你坏+赠送畅销书一本（套装全6册）,￥250.00,0条评价,红斗篷图书专营店
大冰畅销作品：么么哒+摸摸头+好吗好的+我不（套装共4册）,￥114.00,0条评价,中邮图书专营店
我不 百万级畅销书作家大冰2017年新作！用温暖的故事结一段小善缘，陪你微笑着对命运说,￥38.80,2条评价,同娱专营店
我不 百万级畅销书作家大冰2017年新作！用温暖的故事结一段小善缘，陪你微笑着对命运说,￥38.80,0条评价,聚德实达图书专营店
阿弥陀佛么么哒+乖摸摸头 全两册 大冰新作 畅销书 12个不舍得读完的暖心励志故事,￥42.90,10+条评价,墨马图书旗舰店
新书包邮现货 我不 作者大冰2017年新书 青春文学读物 不舍得读完的励志小说 著,￥29.00,10+条评价,昊宇轩书店
阿弥陀佛么么哒 大冰2015新书 12个不舍得读完的暖心励志故事《乖 摸摸头》暖心青春文学励志小说,￥37.24,0条评价,浩瀚苑图书专营店
大冰的作品集 阿弥陀佛么么哒+ 刘同 向着光亮那方共2册 名家小说作品系列图书,￥72.00,0条评价,沐雨经霜图书专营店
阿弥陀佛么么哒 大冰续乖摸摸头后新书 12个不舍得读完的暖心故事青春励志小说,￥37.00,0条评价,中昊欣彩图书专营店
我不 百万级畅销书作家大冰2017年新作！用温暖的故事结一段小善缘，陪你微笑着对命运说,￥35.80,0条评价,盛世九九图书专营店
我不 百万级畅销书作家大冰2017年新作！用温暖的故事结一段小善缘，陪你微笑着对命运说,￥31.00,2条评价,翰墨怡香图书专营店
我不 百万级书作家大冰2017年新作！用温暖的故事结一段小善缘，陪你微笑着对命运说,￥39.00,0条评价,富贵之家图书专营店
"大冰作品集共5册：2017新书我不+好吗好的+他们最幸福+乖,摸摸头+阿弥陀佛么么哒",￥102.00,5条评价,大正图书专营店
阿弥陀佛么么哒 大冰作品 大冰续乖摸摸头后 12个不舍得读完的睡前故事 书籍,￥27.60,0条评价,良朴图书专营店
乖 摸摸头 《他们zui幸福》作者大冰 12个不舍得读完的暖心励志故事青春励志 书籍,￥26.10,0条评价,良朴图书专营店
阿弥陀佛么么哒 大冰续乖摸摸头后新书 12个不舍得读完的暖心故事青春励志小说,￥37.00,2条评价,同娱专营店
阿弥陀佛么么哒 大冰续乖摸摸头后新书 12个不舍得读完的暖心故事 青春励志小说,￥24.50,0条评价,聚知弘文图书专营店
我不 百万级畅销书作家大冰2017年新作！用温暖的故事结一段小善缘，陪你微笑着对命运说,￥38.80,1条评价,卓越书香图书专营店
阿弥陀佛么么哒 大冰续乖摸摸头后新书 12个不舍得读完的暖心故事青春励志小说,￥30.00,0条评价,聚德实达图书专营店
我不 大冰 大冰2017年新书 乖摸摸头阿弥陀佛么么哒好吗好的 后 新书 青春励志文学小说,￥23.40,1条评价,阔步专营店
正版现货 你坏（大冰2018年作品）大冰 著 湖南文艺出版社,￥29.00,0条评价,思人之德图书专营店
大冰作品集：好吗好的+乖，摸摸头+阿弥陀佛么么哒+我不（四册套装）,￥148.96,50+条评价,齐瑞图书专营店
好吗好的大冰 《阿弥陀佛么么哒》畅销书作者2016年新书 暖心力作 青春励志文学小说,￥27.30,0条评价,北京时光万殊图书专营店
我不 百万级书作家大冰2017年新作！用温暖的故事结一段小善缘，陪你微笑着对命运说,￥38.80,0条评价,晟贤图书专营店
阿弥陀佛么么哒 大冰续乖摸摸头后新书 12个不舍得读完的暖心故事青春励志小说,￥30.00,6条评价,翰墨怡香图书专营店
阿弥陀佛么么哒 大冰续乖摸摸头后新书 12个不舍得读完的暖心故事青春励志小说,￥38.00,0条评价,富贵之家图书专营店
正版 套装2本 好吗好的+阿弥陀佛么么哒 著 文学 作品集 励志成功,￥59.60,6条评价,北京童话图书专营店
大冰乖摸摸头12个真实的传奇故事好吗好的阿弥陀佛么么哒青春记文学小说励志书情感家庭婚姻,￥27.00,3条评价,世纪天华图书专营店
我不 大冰新书 野生作家说书人乖摸摸头 好吗好的作者 畅销青春文学小说,￥38.20,0条评价,泰州新华书店图书专营店
阿弥陀佛么么哒 大冰续乖摸摸头后新书 12个不舍得读完的暖心故事青春励志小说,￥30.00,3条评价,盛世九九图书专营店
"大冰畅销作品集共5册：2017新书我不+好吗好的+他们最幸福+乖,摸摸头+阿弥陀佛么么哒",￥126.80,0条评价,瑞景天宏图书专营店
你坏+我不+阿弥陀佛么么哒+好吗好的+乖 摸摸头 野生作家作品五本套装 文学小说书籍排行榜,￥162.90,0条评价,高高国际图书专营店
你坏+我不+阿弥陀佛么么哒+好吗好的+乖 摸摸头 野生作家作品五本套装 文学小说书籍排行榜,￥164.80,0条评价,聚五缘图书音像旗舰店
阿弥陀佛么么哒 大冰续乖摸摸头后新书 12个不舍得读完的暖心故事青春励志小说,￥36.00,10+条评价,卓越书香图书专营店
"大冰作品集 5册 你坏+我不+好吗好的+ 乖,摸摸头+阿弥陀佛么么哒 书籍",￥148.00,0条评价,沐雨经霜图书专营店
大冰畅销作品集：家庭情感类小说 好吗 好的,￥26.50,0条评价,双卿图书专营店
好吗.好的 大冰 作品集 乖，摸摸头 我不 阿弥陀佛 么么哒 中国当代小说 畅销小说书籍,￥38.20,70+条评价,凤凰新华书店旗舰店
阿弥陀佛么么哒 大冰续乖摸摸头后新书 12个不舍得读完的暖心故事青春励志小说,￥37.00,0条评价,晟贤图书专营店
"大冰作品集共5册：作者 签名一本--我不+好吗好的+他们幸福+乖,摸摸头+阿弥陀佛么么哒线装书局图书",￥158.00,2条评价,木森图书专营店
我不 大冰新书 野生作家说书人乖摸摸头 好吗好的作者青春文学小说,￥20.50,0条评价,北京静思源图书专营店
我不 大冰 青春励志 散文随笔 乖 摸摸头 阿弥陀佛么么哒 好吗 好的,￥29.00,0条评价,秋月满园图书专营店
大冰“江湖故事”系列：么么哒+摸摸头+好吗好的+我不+你坏+赠送畅销书一本（套装全6册）,￥125.00,0条评价,博思远图书专营店
"大冰畅销作品集共5册：2017新书我不+好吗好的+他们幸福+乖,摸摸头+阿弥陀佛么么哒",￥149.40,0条评价,云宵争鸣图书专营店
正版 好吗 好的 大冰+乖摸摸头+阿弥陀佛么么哒 全套装共3册 2016新书青春励志,￥112.00,30+条评价,湖南叶洋图书专营店
"好吗好的 大冰 继乖,摸摸头 阿弥陀佛么么哒之后新作 书籍",￥29.20,0条评价,秋月满园图书专营店
"包邮 你坏 大冰2018新书 我不 乖,摸摸头 阿弥陀佛么么哒 好吗好的后2018年新书小说",￥29.70,0条评价,久信图书专营店
"【共5册】大冰作品全集：我不+好吗好的+他们最幸福+乖,摸摸头+阿弥陀佛么么哒",￥139.00,0条评价,书色图书专营店
大冰作品集(全4册):我不+好吗好的+阿弥陀佛么么哒+乖.摸摸头 正版图书 情感小说,￥107.70,0条评价,裕盛星官方旗舰店
正版现货 你坏 大冰作者2018作品 青春文学书籍,￥25.34,0条评价,新瑞图书专营店
"大冰新书 大冰作品集全4本 乖,摸摸头+我不+好吗好的+阿弥陀佛么么哒",￥99.80,2条评价,新道图书专营店
大冰作品集(全4册):我不+好吗好的+阿弥陀佛么么哒+乖.摸摸头 正版图书 情感小说,￥108.68,0条评价,新华书店图书专营店
"好吗好的 作品集 大冰 继乖,摸摸头 阿弥陀佛么么哒之后新作 书籍",￥24.00,60+条评价,金帛三木图书专营店
你坏 大冰2018作品 我不 乖摸摸头 阿弥陀佛么么哒 好吗好的后2018年新书小说,￥28.00,0条评价,书香名望图书专营店
大冰作品全记录（阿弥陀佛么么哒+乖摸摸头+他们最幸福）（套装共3册）,￥83.80,1条评价,中邮图书专营店
【拍下即发】大冰2017新书 我不 即乖摸摸头 好吗好的 阿弥陀佛么么哒之后又一力作,￥20.50,9条评价,久信图书专营店
正版 我不+好吗好的+阿弥陀佛么么哒+乖摸摸头 全4册套装,￥91.00,1条评价,大正图书专营店
正版 你坏 2018大冰正版新书 短篇文学励志小说 继我不 好吗 好的 阿弥尼陀佛么么哒 乖摸摸,￥29.60,0条评价,弘道图书专营店
大冰作品集共5册 新书你坏+我不+阿弥陀佛么么哒+好吗好的+乖，摸摸头 真实的故事自有万钧之力,￥117.00,0条评价,大正图书专营店
好吗好的（大冰作品！畅销250万册） 青春文学励志小说散文随笔故事,￥25.00,0条评价,聚知弘文图书专营店
大冰作品集共5册 新书你坏+我不+阿弥陀佛么么哒+好吗好的+乖，摸摸头 真实的故事自有万钧之力,￥118.00,0条评价,至诚经典图书专营店
大冰作品集共5册 新书你坏+我不+阿弥陀佛么么哒+好吗好的+乖，摸摸头 真实的故事自有万钧之力,￥126.80,0条评价,新道图书专营店
乖摸摸头 好吗好的作者大冰新作 12个暖心传奇故事 畅销青春励志正能量畅销书籍 文艺小说随笔,￥28.80,0条评价,隆博时代图书专营店
么么哒+摸摸头+好吗好的+我不+你坏+成都姑娘 套装共6册/、成都姑娘 书籍 图书,￥195.70,0条评价,慧思文创图书旗舰店
￥25.80,￥29.70,新华书店正版【现货】你坏（大冰新书 2018年作品）湖南文艺出版社 情感 小说 书籍,8条评价
"正版现货 大冰畅销作品集共5册：你坏+我不+好吗好的+乖,摸摸头+阿弥陀佛么么哒 2018新书",￥128.00,20+条评价,昊宇轩书店
正版现货 你坏 百万级畅销书作者大冰2018作品 新华正版图书,￥29.70,0条评价,中关村图书大厦旗舰店
大冰作品集：好吗好的+乖，摸摸头+阿弥陀佛么么哒+我不（全四册套装）,￥125.00,0条评价,博采图书专营店
大冰作品集(全4册):我不+好吗好的+阿弥陀佛么么哒+乖.摸摸头 正版情感小说书籍,￥106.40,0条评价,北方文艺出版社图书旗舰店
大冰作品集(全4册):我不+好吗好的+阿弥陀佛么么哒+乖.摸摸头 正版情感小说书籍,￥106.40,0条评价,锦素图书专营店
正版大冰经典作品集：好吗好的+乖摸摸头+阿弥陀佛么么哒 青春励志文学暖心爱情小说 套装3册,￥101.70,1条评价,钟书图书专营店
正版现货 你坏 百万级畅销书作者大冰2018作品 新华正版图书,￥29.70,0条评价,中关村图书大厦图书音像专营店
我不大冰2017新作继阿弥陀佛么么哒/乖摸摸头/好吗好的后励志力作 畅销朴实真诚故事小说籍,￥29.80,20+条评价,中图传媒图书专营店
你坏（大冰2018年作品）青春文学校园成长励志正能量治愈系短篇小说,￥25.00,0条评价,聚知弘文图书专营店
大冰作品集(全4册):我不+好吗好的+阿弥陀佛么么哒+乖.摸摸头 情感小说正版书籍,￥106.68,0条评价,谦源文化图书专营店
阿弥陀佛么么哒 大冰 12个不舍得读完的暖心励志故事A,￥26.60,0条评价,北京时光万殊图书专营店
岛上书店+无声告白+好吗好的 共3本他们幸福 乖，摸摸头 阿弥陀佛么么哒后新版作品,￥109.00,8条评价,百尺楼图书专营店
"包邮 好吗好的 作品集 大冰 继乖,摸摸头 阿弥陀佛么么哒之后新作 书籍",￥36.80,1条评价,葫芦弟弟图书专营店
乖 摸摸头 百万级畅销书《阿弥陀佛么么哒》作者作品 12个不舍得读完的暖心励志故事,￥36.00,10+条评价,阔步专营店
阿弥陀佛么么哒 　不要惊异于书名的惊世骇俗，这本书值得拿来下酒,￥38.00,0条评价,荒漠甘霖图书专营店
乖 摸摸头 作者大冰 12个不舍得读完的暖心励志故事青春读物 青春励志小说,￥23.00,0条评价,聚知弘文图书专营店
"好吗好的 作品集 大冰 继乖,摸摸头 阿弥陀佛么么哒之后新作 书籍",￥26.50,0条评价,书墨飘香图书专营店
好吗好的大冰继乖摸摸头阿弥陀佛么么哒后全新作品集 青春励志文学畅销小说畅销书籍正版现货包邮,￥32.80,6条评价,超级思维图书专营店
大冰作品《好吗，好的》《阿弥陀佛么么哒》《乖，摸摸头》（套装共3册）,￥85.00,0条评价,鸿图博华图书专营店
大冰全套5册 我不+你坏+好吗好的+乖摸摸头+阿弥陀佛么么哒作品集5册青春文学励志小说书籍,￥124.00,0条评价,墨马图书旗舰店
你坏（大冰2018年作品） 作者签名版，百万级畅销书作者大冰2018作品，淬火重生的大女儿。用《你坏》向你说声：你好。,￥27.02,0条评价,北方图书城旗舰店
"好吗好的 作品集 大冰 继乖,摸摸头 阿弥陀佛么么哒之后新作 书籍",￥42.90,0条评价,云宵争鸣图书专营店
好吗好的大冰继乖摸摸头阿弥陀佛么么哒后全新作品集 青春励志文学畅销小说畅销书籍正版现货,￥28.80,3条评价,世纪天华图书专营店
大冰 我不 继 乖摸摸头 好吗好的 阿弥陀佛么么哒之后力作 青春励志文学,￥24.00,6条评价,金帛三木图书专营店
乖摸摸头 大冰继《他们幸福》后的力作 百万畅销作者阿弥陀佛么么哒好吗好的,￥27.80,1条评价,博采图书专营店
"好吗好的 作品集 大冰 继乖,摸摸头 阿弥陀佛么么哒之后新作 书籍",￥28.30,0条评价,良朴图书专营店
大冰全套5册 我不+你坏+好吗好的+乖摸摸头+阿弥陀佛么么哒作品集5册青春文学励志小说书籍,￥120.00,0条评价,润知天下图书专营店
好吗好的+乖摸摸头+阿弥陀佛么么哒 共3册 作品 文学暖文 青春励志小说 LC,￥102.10,10+条评价,济南报业图书专营店
现货】大冰作品套装5册：你坏+好吗好的+我不+乖摸摸头+阿弥陀佛么么哒 青春都市言情励志文学小说,￥141.70,0条评价,神州图书专营店
我不 大冰2017年新书 乖摸摸头 阿弥陀佛么么哒 好吗好的 之后新作 青春励志文学小说,￥23.40,1100+条评价,阔步专营店
正版 2017大冰新作我不+你是好的自己（全新修订版）共2册 正能量的青春 励志成功,￥52.00,1条评价,昊宇轩书店
好吗好的 阿弥陀佛么么哒 后大冰2016新作品 多元生活 暖心传奇励志故事,￥39.00,0条评价,荒漠甘霖图书专营店
包邮 我不+成都姑娘（套装共2册）大冰 成都姑娘莉莉 还原《我不》中主角 情感家庭婚姻 畅销书籍,￥66.74,0条评价,世纪慧泉旗舰店
大冰签名正版 我不大冰2017新作青春励志 阿弥陀佛么么哒 乖 摸摸头 好吗 好的作者,￥29.00,2条评价,同仁图书专营店
现货2本 你坏+我不大冰2018新书 励志暖心随笔作品另有好吗 好的+阿弥陀佛 么么哒+乖，摸摸头齐,￥49.80,0条评价,门庭若市图书专营店
大冰作品集：他们最幸福，好吗好的+乖，摸摸头+阿弥陀佛么么哒单本+我不 5册 请认真选择版本 好吗好的+摸摸头+么么哒+他们最幸福+我不 5册,￥196.00,500+条评价,红斗篷图书专营店
我不大冰2017新作继阿弥陀佛么么哒/乖摸摸头/好吗好的后励志力作 畅销朴实真诚故事小说籍,￥29.80,40+条评价,天信科技图书专营店
离开前请叫醒我+好吗好的 共2本 他们幸福 乖，摸摸头 阿弥陀佛么么哒后新版作品,￥75.80,2条评价,百尺楼图书专营店
"2018大冰作品你坏 大冰畅销作品集共5册 你坏+我不+好吗好的+乖,摸摸头+阿弥陀佛么么哒",￥142.80,0条评价,书客书图图书专营店
好吗好的+阿弥陀佛么么哒+乖，摸摸头 全三册 作品集 青春励志文学小说 新作,￥113.00,0条评价,荒漠甘霖图书专营店
好吗好的+乖摸摸头+阿弥陀佛么么哒+他们最幸福共4册暖心作品2017青春励志情感小说,￥148.00,4条评价,九州国学图书专营店
2本大冰乖摸摸头皮囊蔡崇达散文随笔青春励志文学小说书籍经典文学创作12个不舍得读完的暖心事,￥75.80,0条评价,天华图书专营店
现货 好吗好的+乖，摸摸头+阿弥陀佛么么哒 全三册/作品 畅销书籍排行榜,￥68.80,3条评价,轻阅时光图书专营店
好吗好的+阿弥陀佛么么哒 共2本 大冰著 文学 作品集 励志成功 2016新书书籍 图书,￥68.00,0条评价,智仁图书专营店
大冰经典作品集：好吗好的+乖摸摸头+阿弥陀佛么么哒 青春励志文学暖心小说四色彩插心灵盛宴,￥113.00,1条评价,阔步专营店
我不大冰2017新作继阿弥陀佛么么哒/乖摸摸头/好吗好的后励志力作 畅销朴实真诚故事小说籍,￥29.80,0条评价,博采图书专营店
我不 好吗好的 乖摸摸头 阿弥陀佛么么哒你若不勇敢谁替你坚强全五册著 青春励志文学小说,￥185.13,2条评价,政琦图书专营店
大冰四件套新书 含乖摸摸头 阿弥陀佛么么哒 我不 好吗好的 小说 家庭婚姻情感,￥121.60,0条评价,辽宁美术出版社图书专营店
3本大冰我不你若不勇敢谁替你坚强你若盛开清风自来青春文学励志书籍乖摸摸头好吗好的都市情感,￥66.80,0条评价,天华图书专营店
我不大冰2017新作继阿弥陀佛么么哒/乖摸摸头/好吗好的后励志力作 畅销朴实真诚故事小说籍,￥31.20,0条评价,中图文轩图书专营店
好吗好的大冰我不继阿弥陀佛么么哒乖摸摸头他们幸福后又一力作现当代中外国青春言情文学小说,￥29.80,0条评价,博采图书专营店
大冰经典作品集：好吗好的+乖摸摸头+阿弥陀佛么么哒 青春励志文学暖心小说四色彩插心灵盛宴,￥70.00,0条评价,书墨飘香图书专营店
大冰乖摸摸头皮囊蔡崇达散文随笔青春励志文学小说书籍经典文学创作2本12个不舍得读完的暖心事,￥55.80,1条评价,超级思维图书专营店
你坏【赠理想时间轴手册】大冰2018新书 全新小说作品集励志暖心随笔 经典作品集我不乖摸摸头好吗好的,￥27.00,20+条评价,沭阳新华书店图书专营店
你坏+我不 套装2册 大冰2018年作品 继 好吗好的 乖摸摸头 阿弥陀佛么么哒后新作 青春励志,￥78.00,0条评价,畅世雕龙图书专营店
全套五本 大冰作品套装 你坏+好吗好的+我不+乖摸摸头+阿弥陀佛么么哒 青春都市言情励志文学小说,￥126.00,0条评价,弘道图书专营店
大冰畅销作品集：家庭情感类小说 我不,￥26.50,0条评价,双卿图书专营店
2018大冰新书 你坏 全新小说作品集励志暖心随笔青春现当代文学我不乖摸摸头好吗好的 阿弥陀佛么现货,￥39.60,10+条评价,人天图书专营店
【正版现货】赠书一本！ 你坏 大冰著 新书 继我不 乖摸摸头 阿弥陀佛么么哒 好吗好的后情感小说,￥35.00,0条评价,策马扬鞭图书专营店
【正版现货】赠书一本！ 你坏 大冰著 新书 继我不 乖摸摸头 阿弥陀佛么么哒 好吗好的后情感小说,￥35.00,0条评价,暗香盈袖图书专营店
心若在·梦就在 一个中国家庭的生活细节与时代痕迹 中国当代散文随笔个人成长自传青春文学,￥46.90,0条评价,临池学书图书专营店
大冰我不你若不勇敢谁替你坚强你若盛开清风自来青春文学励志书籍3本乖摸摸头好吗好的都市情感,￥89.00,0条评价,九州国学图书专营店
好吗好的乖摸摸头阿弥陀佛么么哒2017大冰作品全3本青春励志文学小说暖心故事畅销书籍婚姻,￥84.70,1条评价,世纪天华图书专营店
大冰畅销作品集：家庭情感类小说 乖 摸摸头,￥24.50,0条评价,双卿图书专营店
大冰作品套装：阿弥陀佛么么哒+摸摸头+好吗好的+我不+你坏（套装共5册）野生作家青春文学暖心随笔,￥187.80,0条评价,沭阳新华书店图书专营店
全套4册 大冰2017新书 《阿弥陀佛么么哒》《乖，摸摸头》《好吗好的》《我不》 青春文学,￥106.40,0条评价,北京时光万殊图书专营店
大冰畅销作品集：家庭情感类小说 阿弥陀佛 么么哒,￥25.80,0条评价,双卿图书专营店
【正版预定】从你的全世界路过+好吗好的(签名版)共2册 好吗 好的 青春文学情感励志小说同名,￥66.00,0条评价,北苑春风图书专营店
冰河 余秋雨亲笔题写 平装版畅销不衰长篇小说大冰河,￥40.80,0条评价,瑞景天宏图书专营店
大冰畅销作品集：家庭情感类小说 你坏 （2018年新作）,￥26.90,0条评价,双卿图书专营店
好吗好的+他们幸福+阿弥陀佛么么哒+乖，摸摸头 共4本 著 文学作品集 励志书籍图书,￥136.00,1条评价,浩海书香图书专营店
【中信书店】大冰作品 套装5册 （我不+阿弥陀佛么么哒+乖，摸摸头+好吗，好的+他们最幸福 ）,￥183.00,7条评价,中信书店
大冰乖摸摸头皮囊蔡崇达散文随笔青春励志文学小说书籍经典文学创作2本12个不舍得读完的暖心事,￥68.80,0条评价,北京世纪鸿运图书专营店
正版 你坏 大冰2018作品 随书奉送40余首原创民谣 乖摸摸头我不阿弥陀佛么么哒好吗好的同系列,￥29.70,0条评价,星洋图书专营店
你坏【赠理想时间轴手册】大冰2018新书 全新小说作品集励志暖心随笔 经典作品集我不乖摸摸头好吗好的,￥26.93,0条评价,泰州新华书店图书专营店
正版 新书 现货2018大冰新书 你坏 全新小说作品集励志暖心随笔青春现当代文学我不乖摸摸头好吗好的,￥29.70,0条评价,大地书苑
套装书籍6册 大冰你坏 龙应台目送 东野圭吾解忧杂货店 张小娴谢谢你，离开我 余光中长长的路我们慢慢,￥212.00,0条评价,木森图书专营店
繁花盛开的夏天 书籍 推荐新书《你坏》，大冰著，点击转入→→→,￥19.10,0条评价,兴阅图书专营店
我允许你，在我心上行走--全世界美的情书,￥29.10,0条评价,兴阅图书专营店
星星上的花1+2【2册】青春文学励志言情小说 书籍,￥52.00,0条评价,兴阅图书专营店
幸福的另一种含义 马克·李维新作 唤醒内心柔情的治愈系 励志外国小说 书籍,￥25.00,0条评价,兴阅图书专营店
雾中回忆 凯特 . 莫顿整个南半球的女作家 横扫北半球所有国家所有榜单 书籍,￥33.20,0条评价,兴阅图书专营店
好吗好的+乖摸摸头+阿弥陀佛么么哒（共3册）,￥77.76,0条评价,新瑞图书专营店
【签名版】风舞 小说 安宁著 随书赠送唯美海报和明信片 温暖的弦姐妹篇 言情小说 书,￥20.60,2条评价,兴阅图书专营店
十字路口 新海诚小说你的名字作者新海诚又一新力作 桐山成人改编 日本青春轻小说 书籍,￥16.60,2条评价,兴阅图书专营店
【亦舒文集】我爱，我不爱 亦舒作品 亦舒小说 亦舒全集 热播剧 我的前半身作者 亦舒 书籍,￥23.80,0条评价,兴阅图书专营店
别那么骄傲2 致灿烂的你 爆笑暖萌甜宠 青春文艺校园小说 **书籍 灿烂的休止符 都市言情小说 书籍,￥28.80,0条评价,兴阅图书专营店
【亦舒文集】我们不是天使 亦舒作品 亦舒小说 亦舒全集 热播剧 我的前半身作者 亦舒 书籍,￥23.80,0条评价,兴阅图书专营店
阿弥陀佛么么哒 继乖摸摸头后又一新作12个不舍得读完的暖心故事 青春励志小说的人生感悟,￥26.10,30+条评价,阔步专营店
套装3件,单件,￥22.10,他们最幸福 一段十年，十个他们，百味幸福——愿你的江湖有梦为马，幸福随处可栖
【正版包邮】他们最幸福 大冰著 中国当代散文随笔个人成长自传青春文学成人小说励志小说,￥21.00,200+条评价,馨予图书专营店
正版包邮 成都姑娘 大冰的莉莉新书作品 文学女性励志随笔小说图书籍人生哲学畅销书排行榜青春高中生人性,￥22.90,100+条评价,馨予图书专营店
正版包邮 他们最幸福 我不作者大冰著 中国当代散文随笔成长自传青春文学励志小说,￥21.60,200+条评价,舜博图书专营店
现货【随机签名版】你坏 大冰的2018新书小说正版我不好吗好的 乖摸摸头阿弥陀佛么么哒全套五册,￥29.70,100+条评价,福州金榜图书专营店
大冰的书全套五册 你坏+我不+乖摸摸头+好吗好的+阿弥陀佛么么哒 新书2018青春文学 情感小说,￥115.00,0条评价,诚书堂图书专营店
套装3件,单件,￥51.10,大冰新畅销作品 （套装共2册） 《乖，摸摸头》作者大冰2015新书！真实的故事自有万均之力，12个不舍得读完的真实江湖故事，让你相信，这个世界上真的有人在过着你想要的生活：既可以朝九晚五，又能够浪迹天涯！阿弥陀佛么么哒！
"正版现货 大冰的书全套四册 我不+乖,摸摸头+阿弥陀佛么么哒+好吗 好的 我不新书青春小说",￥92.20,0条评价,福州金榜图书专营店
"正版现货 大冰的书全套四册 我不+乖,摸摸头+阿弥陀佛么么哒+好吗 好的 我不新书青春小说",￥92.20,0条评价,昂秀图书专营店
大冰作品集：他们最幸福，好吗好的+乖，摸摸头+阿弥陀佛么么哒单本+我不 5册 请认真选择版本 乖摸摸头,￥48.00,500+条评价,红斗篷图书专营店
乖 摸摸头 《他们幸福》作者大冰 12个不舍得读完的暖心励志故事青春励志 书籍,￥31.80,0条评价,华纳博文图书专营店
阿弥陀佛么么哒 大冰作品书籍 大冰续乖摸摸头后新书 12个不舍得读完的睡前故事,￥31.30,0条评价,华纳博文图书专营店
正版 大冰新书2018作品 你坏 淬火重生的大女儿 他们最幸福 5年来 故事一直在继续,￥29.70,20+条评价,瑞景天宏图书专营店
乖，摸摸头+再美也美不过想象 耀一大冰作品 情感小说 套装2册 畅销新书 青春文学代表作,￥61.06,2条评价,世纪慧泉旗舰店
我不 大冰新书 野生作家说书人乖摸摸头 好吗好的作者 畅销青春文学小说,￥28.00,9条评价,黄金美玉图书专营店
"现货 大冰 2017年新书 我不 百万级畅销书作者乖,摸摸头 阿弥陀佛么么哒 好吗好的",￥24.60,10+条评价,福州金榜图书专营店
这辈子我要活得酣畅淋漓 励志暖文 毕淑敏 马东 金星等大咖支持倡导的生活态度,￥22.50,100+条评价,竹石文化图书专营店
大冰作品集：他们最幸福，好吗好的+乖，摸摸头+阿弥陀佛么么哒单本+我不 5册 请认真选择版本 么么哒 摸摸头2册装,￥80.00,500+条评价,红斗篷图书专营店
正版 我不 大冰 2017新书 博集天卷 情感家庭婚姻小说 乖，摸摸头阿弥陀佛么么哒好吗好的作者著,￥21.90,2条评价,中国法律图书旗舰店
成都姑娘 李莉娟 著 励志书籍 百万畅销作家笔下的成都姑娘 适合女生看 文学散文,￥37.45,0条评价,五星同辉图书专营店
大冰2018新书 你坏+我不2册套装 小说作品励志暖心随笔 经典作品集乖摸摸头好吗好的阿弥陀佛么么哒,￥77.80,10+条评价,凤凰新华书店旗舰店
大冰2018新书 你坏+我不2册套装 小说作品励志暖心随笔 经典作品集乖摸摸头好吗好的阿弥陀佛么么哒,￥77.80,0条评价,沭阳新华书店图书专营店
大冰新书2018作品 你坏 淬火重生的大女儿 《你坏》向你说声：你好我不后又一大作 青春文学励志小说,￥27.00,90+条评价,新道图书专营店
所有的遗憾都是成全,￥37.80,1.7万+条评价,紫图
幸得诸君慰平生 定制版附加二维码语音故事,￥49.50,1.1万+条评价,清华大学出版社
大冰作品 套装5册大冰的书大冰2017年新书 我不+阿弥陀佛么么哒+乖 摸摸头+好吗 好的,￥140.00,0条评价,尚诚嘉业图书专营店
大冰作品集全套5册 你坏+我不+好吗好的+阿弥陀佛么么哒+乖摸摸头 畅销书 他们最幸福修订,￥139.00,10+条评价,湖南弘道图书专营店
大冰作品集全套4册 好吗好的+阿弥陀佛么么哒+他们最幸福+乖摸摸头 暖心故事集,￥98.00,40+条评价,湖南弘道图书专营店
乖，摸摸头 大冰的书 文学图书 散文随笔小说书籍 书籍排行榜,￥30.60,0条评价,高高国际图书专营店
大冰新书2018作品 你坏 +我不 随书奉送有钱也买不到的原创民谣青春励志,￥56.50,6条评价,新道图书专营店
无声告白 伍绮诗的作品 现代当代文学 外国小说 读客 书籍,￥16.80,0条评价,兴阅图书专营店
大冰的书全套三册小说正版我不 乖摸摸头 阿弥陀佛么么哒 青春励志文学校园作品集 暖心故事 晚安故事,￥82.00,3条评价,中昊欣彩图书专营店
"大冰典藏套装 作品集 好吗好的+乖,摸摸头+阿弥陀佛么么哒 新华正版畅销小说",￥110.70,100+条评价,凤凰新华书店旗舰店
他们最幸福 大冰著 中国当代散文随笔个人成长自传青春文学成人小说励志小说,￥23.00,3条评价,慧雅丰荷图书专营店
好吗好的 大冰 继《乖，摸摸头》《阿弥陀佛么么哒》后全新暖心力作,￥39.00,60+条评价,红斗篷图书专营店
大冰的书全套4册 我不+ 好吗好的+阿弥陀佛么么哒+乖摸摸头 全4册/ 百万级畅销作者,￥120.00,1条评价,智胜图书专营店
渡边淳一经典作品集.情爱小说(12).一片雪 zui接近《失乐园》的细节描写 书籍,￥39.70,3条评价,兴阅图书专营店
说故事的人 (美) 朱迪·皮考特作品 继追风筝的人 偷影子的人之后又一杰作 书籍,￥33.20,0条评价,兴阅图书专营店
你坏 签名版 大冰2018年的书 淬火重生的大女儿 用《你坏》向你说声：你好 包邮 赠送80张明信片,￥30.00,800+条评价,中南博集天卷官方旗舰店
乖.摸摸头 大冰12个不舍得读完的暖心励志故事 作品【新华书店正版】,￥35.30,4条评价,沭阳新华书店图书专营店
【亦舒文集】 独身女人 亦舒作品 亦舒小说 亦舒全集 热播剧 我的前半身作者 亦舒 书籍,￥25.80,0条评价,兴阅图书专营店
乖，摸摸头 大冰的书 12个不舍得读完的暖心励志故事青春读物书,￥32.40,0条评价,购书中心图书专营店
正版书籍 你坏 大冰的书 2018年新书 我不 好吗好的 阿弥尼陀佛么么哒 乖摸摸头后短,￥25.00,0条评价,辽宁人民出版社图书专营店
你坏 大冰的书2018新书小说正版我不 好吗好的 乖摸摸头 阿弥陀佛么么哒全套五册作者书籍排行榜,￥29.70,0条评价,墨马图书旗舰店
正版现货他们最幸福 大冰著 中国当代散文随笔个人成长自传青春文学小说励志小说,￥22.80,6条评价,实验图书专营店
你坏 大冰的书2018新书小说正版我不 好吗好的 乖摸摸头 阿弥陀佛么么哒全套五册作者书籍排行榜,￥29.70,0条评价,润知天下图书专营店
【大冰典藏套装】我不大冰的书全套三册：好吗好的+乖摸摸头+阿弥陀佛么么哒 正版 青春励志文,￥97.54,0条评价,诚达互联图书专营店
我不 大冰新书我不阿弥陀佛么么哒 大冰新书《乖，摸摸头》作者2017新作 青春文学散文随,￥134.26,0条评价,诚达互联图书专营店
我不 大冰兵的新书作品 好吗好的 阿弥陀佛么么哒 乖摸摸头 你坏作者 中国现当代青春励志文学小说书籍,￥16.80,0条评价,辽宁少年儿童出版社图书专营店
大冰你坏 2018新书小说我不好吗好的 乖摸摸头阿弥陀佛么么哒后又全新力作 +视力表,￥26.80,0条评价,诚书堂图书专营店
"大冰 我不 新书阿弥陀佛么么哒 大冰新书乖,摸摸头作者2017新作 青春文学散文随笔",￥103.57,0条评价,诚达互联图书专营店
我不 大冰新书我不阿弥陀佛么么哒 大冰新书《乖，摸摸头》作者2017新作 青春 图片色,￥134.00,0条评价,枫林艺扬图书专营店
"大冰 我不 新书阿弥陀佛么么哒 大冰新书乖,摸摸头作者2017新作 青春文学散 图片色",￥104.00,0条评价,枫林艺扬图书专营店
我不 大冰新书我不阿弥陀佛么么哒 大冰新书《乖，摸摸头》作者2017新作 青春文学散文随,￥134.00,0条评价,情深似海图书专营店
我不 大冰新书我不阿弥陀佛么么哒 大冰新书《乖，摸摸头》作者2017新作 青春文学散文随,￥133.28,0条评价,学贯中西图书专营店
"皮囊+乖,摸摸头 全2册 蔡崇达/大冰的书 人散文随笔青春励志文学小说书籍 畅销图书籍排行榜 新华书",￥66.37,0条评价,清风伟业图书专营店
大冰的书全四册 好吗好的+乖摸摸头+阿弥陀佛么么哒+我不,￥173.00,0条评价,策马扬鞭图书专营店
大冰的书全四册 好吗好的+乖摸摸头+阿弥陀佛么么哒+我不,￥173.00,0条评价,暗香盈袖图书专营店
正版 大冰的书全套集3三册 签名版 好吗好的+乖摸摸头+阿弥陀佛么么哒 人散文随笔青春励志 图片色,￥110.00,0条评价,枫林艺扬图书专营店
我不 大冰新书我不阿弥陀佛么么哒 大冰新书《乖，摸摸头》作者2017新作 青春,￥134.00,0条评价,煜轩图书专营店
"大冰 我不 新书阿弥陀佛么么哒 大冰新书乖,摸摸头作者2017新作 青春文学散",￥104.00,0条评价,煜轩图书专营店
我不 大冰新书我不阿弥陀佛么么哒 大冰新书《乖，摸摸头》作者2017新作 青春文学散文随,￥134.26,0条评价,风影寒月图书专营店
正版现货他们幸福 大冰著 中国当代散文随笔个人成长自传青春文学小说励志小说,￥23.00,0条评价,实验文化专营店
"乖,摸摸头 大冰的书阿弥陀佛么么哒好吗好的姊妹篇12个不舍得读完的暖心励志故事文艺小说",￥24.50,0条评价,双康图书专营店
正版 好吗好的+乖摸摸头(共2册)大冰的书2016新作青春励志文学书籍乖摸摸头,￥49.00,3条评价,舜博图书专营店
"大冰 我不 新书阿弥陀佛么么哒 大冰新书乖,摸摸头作者2017新作 青春文学散文随笔",￥102.82,0条评价,学贯中西图书专营店
"大冰 我不 新书阿弥陀佛么么哒 大冰新书乖,摸摸头作者2017新作 青春文学散文随笔",￥104.00,0条评价,翰林书苑图书专营店
"皮囊+乖,摸摸头 全2册 蔡崇达/大冰的书 人散文随笔青春励志文学小说书籍 畅销图书籍排行榜 新华书",￥66.37,0条评价,宏达图书专营店
"大冰 我不 新书阿弥陀佛么么哒 大冰新书乖,摸摸头作者2017新作 青春文学散文随笔",￥103.57,0条评价,风影寒月图书专营店
我不 大冰新书我不阿弥陀佛么么哒 大冰新书《乖，摸摸头》作者2017新作 青春文学散文随,￥134.00,0条评价,翰林书苑图书专营店
他们最幸福/大冰 本书是大冰十年生涯中的**本书，一段十年，十个他们，百味幸福。人气好书《好吗好的》,￥35.00,50+条评价,湖南叶洋图书专营店
"大冰 我不 新书阿弥陀佛么么哒 大冰新书乖,摸摸头作者2017新作 青春文学散文随笔",￥104.00,0条评价,情深似海图书专营店
【大冰典藏套装】我不大冰的书全套三册：好吗好的+乖摸摸头+阿弥陀佛么么哒 正版 青春励志文,￥97.54,0条评价,风影寒月图书专营店
"皮囊+乖,摸摸头 全2册 蔡崇达/大冰的书 人散文随笔青春励志文学小说书籍 畅销图书籍排行榜 新华书",￥66.37,0条评价,学贯中西图书专营店
"大冰 我不 新书阿弥陀佛么么哒 大冰新书乖,摸摸头作者2017新作 青春文学散",￥104.00,0条评价,途创图书专营店
"正版皮囊+乖,摸摸头 全2册 蔡崇达/大冰的书 人散文随笔青春励志文学小说书籍 文学创",￥48.82,0条评价,晨洋品阅图书专营店
正版 他们幸福 中国当代散文随笔个人成长自传青春文学励志小说 畅销书 爱情青春,￥36.00,0条评价,鑫舟启航图书专营店
"正版皮囊+乖,摸摸头 全2册 蔡崇达/大冰的书 人散文随笔青春励志文学小说书籍 畅销图书籍",￥49.00,0条评价,玉佳华图书专营店
正版 好吗好的 大冰的书 继《乖摸摸头》《 阿弥陀佛么么哒》后新书 散文随笔 青春文学小说,￥42.60,0条评价,海源阁图书专营店
"正版皮囊+乖,摸摸头 全2册 蔡崇达/大冰的书 人散文随笔青春励志文学小说书籍 文学创作",￥49.18,0条评价,广结良缘图书专营店
成都姑娘 大冰的莉莉新书作品 文学女性励志随笔小说,￥26.60,4条评价,淘书网图书专卖店
我不 大冰新书我不阿弥陀佛么么哒 大冰新书《乖，摸摸头》作者2017新作 青春,￥134.00,0条评价,途创图书专营店
正版 大冰的书全套集3三册 签名版 好吗好的+乖摸摸头+阿弥陀佛么么哒 人散文随笔青春励志,￥110.00,0条评价,途创图书专营店
【正版】他们*幸福 大冰著 中国当代散文随笔个人成长自传青春文学小说励志小说 小说 畅销书,￥27.00,0条评价,鑫舟启航图书专营店
【正版】他们幸福 大冰著 中国当代散文随笔个人成长自传青春文学小说励志小说 小说 畅销书 爱,￥28.50,0条评价,书论图腾图书专营店
正版现货 好吗好的 大冰的书 继《乖摸摸头》《 阿弥陀佛么么哒》后新书 散文随笔 青春文学,￥42.88,0条评价,广结良缘图书专营店
"正版皮囊+乖,摸摸头 全2册 蔡崇达/大冰的书 人散文随笔青春励志文学小说书籍 图书籍排行",￥48.69,0条评价,北京欢声雷动图书专营店
"正版 乖,摸摸头 大冰继《好吗好的阿弥陀佛么么哒我不新书》 暖心励志故事 随笔青春励志畅销丛书",￥45.00,0条评价,鑫舟启航图书专营店
"正版 乖,摸摸头 大冰的书 阿弥陀佛么么哒 好吗好的姊妹篇 12个不舍得读完的暖心励志故事",￥29.38,0条评价,北京新脚步图书专营店
"正版皮囊+乖,摸摸头 全2册 蔡崇达/大冰的书 人散文随笔青春励志文学小说书籍 图书籍排行榜 经典文",￥48.00,0条评价,暗香盈袖图书专营店
"正版 乖,摸摸头 大冰的书 阿弥陀佛么么哒 好吗好的姊妹篇 12个不舍得读完的暖心励志故事 文艺小说",￥29.59,0条评价,诚达互联图书专营店
"正版皮囊+乖,摸摸头 全2册 蔡崇达/大冰的书 人散文随笔青春励志文学小说书籍 文学创作",￥48.00,0条评价,暗香盈袖图书专营店
"正版皮囊+乖,摸摸头 全2册 蔡崇达/大冰的书 人散文随笔青春励志文学小说书籍 图书籍排行榜 经典文",￥48.00,0条评价,策马扬鞭图书专营店
书籍 书排行榜 阿弥陀佛么么哒 大冰的书 暖心励志故事随笔青春励志丛书籍短篇小说集 你坏,￥35.63,0条评价,晨洋品阅图书专营店
"正版皮囊+乖,摸摸头 全2册 蔡崇达/大冰的书 人散文随笔青春励志文学小说书籍 文学创",￥48.80,0条评价,尚佳亿图书专营店
"正版 乖,摸摸头 大冰的书 阿弥陀佛么么哒 好吗好的姊妹篇 12个不舍得读完的暖心励志故事",￥29.38,0条评价,清风伟业图书专营店
"正版皮囊+乖,摸摸头 全2册 蔡崇达/大冰的书 人散文随笔青春励志文学小说书籍 文学创作",￥48.00,0条评价,策马扬鞭图书专营店
成都姑娘 李莉娟著 大冰笔下的成都姑娘 中国现当代随笔文学 情感励志随笔畅销书籍排行榜,￥37.80,4条评价,沭阳新华书店图书专营店
"zv正版 乖,摸摸头 大冰的书 阿弥陀佛么么哒 好吗好的姊妹篇 12个不舍得读完的暖心励志",￥29.00,0条评价,世纪春城图书专卖店
"正版 乖,摸摸头 大冰的书 阿弥陀佛么么哒 好吗好的姊妹篇 12个不舍得读完的暖心励志故事 文艺小说",￥28.10,0条评价,书论图腾图书专营店
"zv正版 乖,摸摸头 大冰的书 阿弥陀佛么么哒 好吗好的姊妹篇 12个不舍得读完的暖心励志故事 文艺",￥28.08,0条评价,春波碧草图书专营店
【正版】他们幸福 大冰著 中国当代散文随笔个人成长自传青春文学小说励志小说 小说 畅销书 爱,￥28.50,0条评价,惟吾德馨图书专营店
"正版 乖,摸摸头 大冰的书 阿弥陀佛么么哒 好吗好的姊妹篇 12个不舍得读完的暖心励志故事 文艺小说",￥28.08,0条评价,铂悦居图书专营店
"正版 乖,摸摸头 大冰的书 阿弥陀佛么么哒 好吗好的姊妹篇 12个不舍得读完的暖心励志故事",￥29.40,0条评价,尚佳亿图书专营店
"正版 乖,摸摸头 大冰的书 阿弥陀佛么么哒 好吗好的姊妹篇 12个不舍得读完的暖心励志故事 图片色",￥30.00,0条评价,枫林艺扬图书专营店
他们幸福 中国当代散文随笔个人成长自传青春文学励志小说 书 爱情青春,￥36.00,0条评价,番茄雅图书专营店
"正版 乖,摸摸头 大冰的书 你坏新书 暖心励志故事青春文艺读物书",￥27.80,0条评价,天华图书专营店
"正版 乖,摸摸头 大冰的书 阿弥陀佛么么哒 好吗好的姊妹篇 12个不舍得读完的暖心励志故事 图片色",￥29.38,0条评价,晓寒深处图书专营店
"正版 乖,摸摸头 大冰的书 阿弥陀佛么么哒 好吗好的姊妹篇 12个不舍得读完的暖心励志故事",￥29.38,0条评价,宏达图书专营店
现货 我不 大冰新书我不阿弥陀佛么么哒 新书《乖，摸摸头》作者2017新作,￥18.80,200+条评价,淘书网图书专卖店
"正版 乖,摸摸头 大冰的书 阿弥陀佛么么哒 好吗好的姊妹篇 12个不舍得读完的暖心励志故事",￥28.08,0条评价,与子偕老图书专营店
"正版 乖,摸摸头 大冰的书 阿弥陀佛么么哒 好吗好的姊妹篇 12个不舍得读完的暖心励志故事 文艺小说",￥30.00,0条评价,情深似海图书专营店
正版现货他们幸福 大冰著 中国当代散文随笔个人成长自传青春文学小说励志小说 小说畅,￥28.00,0条评价,暗香盈袖图书专营店
"正版 乖,摸摸头 大冰的书 阿弥陀佛么么哒 好吗好的姊妹篇 12个不舍得读完的暖心励志故事 文艺小说",￥29.59,0条评价,风影寒月图书专营店
【预售】成都姑娘 博集大冰的莉莉新书作品 文学女性励志随笔小说图书籍人生哲学畅销书排行榜青春高中生人,￥22.80,0条评价,南京爱读图书专营店
【正版】他们幸福 大冰著 中国当代散文随笔个人成长自传青春文学小说励志小说 小说,￥25.35,0条评价,与子偕老图书专营店
【正版】他们幸福 大冰著 中国当代散文随笔个人成长自传青春文学小说励志小说 小说 畅销书 爱,￥28.50,0条评价,美妙绝伦图书专营店
"正版 乖,摸摸头 大冰的书 阿弥陀佛么么哒 好吗好的姊妹篇 12个不舍得读完的暖心励志故事",￥29.38,0条评价,学贯中西图书专营店
2017正版现货大冰的书全套4册 我不 阿弥陀佛么么哒 乖摸摸头 好吗好的 暖心励志故事,￥99.80,0条评价,文渊图书专营店
"正版 乖,摸摸头 大冰的书 阿弥陀佛么么哒 好吗好的姊妹篇 12个不舍得读完的暖心励志故事",￥28.08,0条评价,和谐万邦图书专营店
2017正版现货大冰的书全套4册 我不 阿弥陀佛么么哒 乖摸摸头 好吗好的 暖心励志故事,￥114.00,0条评价,立群图书专营店
【正版】他们幸福 大冰著 中国当代散文随笔个人成长自传青春文学小说励志小说 小说 畅销书 爱,￥28.47,0条评价,中流砥柱图书专营店
我在未来等你+我不+不好意思，我也是第一次当大人+你也走了很远的路吧 共4册 刘同,￥138.10,3条评价,聚五缘图书音像旗舰店
"正版 乖,摸摸头 大冰的书 阿弥陀佛么么哒 好吗好的姊妹篇 12个不舍得读完的暖心励志故事 文艺小说",￥30.00,0条评价,翰林书苑图书专营店
正版大冰的书全套4册 我不+好的好吗+乖摸摸头+阿弥陀佛么么哒畅销书籍温暖青春文学小说新书籍,￥79.00,0条评价,辽宁人民出版社图书专营店
"正版 乖,摸摸头 大冰的书 阿弥陀佛么么哒 好吗好的姊妹篇 12个不舍得读完的暖心励志故事",￥30.00,0条评价,途创图书专营店
我在未来等你+我不 刘同大冰作品2册】 青春文学书籍 刘同,￥69.70,1条评价,聚五缘图书音像旗舰店
"大冰作品集全4册 好吗好的+阿弥陀佛么么哒+他们幸福+乖,摸摸头 暖心故事集",￥129.00,0条评价,泓阳图书专营店
我在未来等你+我不+不好意思，我也是次当大人+你也走了很远的路吧 共4册 刘同,￥136.50,0条评价,高高国际图书专营店
成都姑娘 京东彩蛋版，数量有限，随机发送，先到先得。她是大冰笔下的成都姑娘，她是劲爆高能小花椒，霹雳霸气灰姑娘，她啥事不敢干！啥事干不成？！,￥22.40,38万+条评价,博集天卷
【正版包邮】他们最幸福 大冰著 中国当代散文随笔个人成长自传青春文学成人小说励志,￥31.50,0条评价,购书中心图书专营店
大冰新书 我不+好吗好的+乖摸摸头+阿弥陀佛么么哒 全4册 青春小说,￥137.00,0条评价,泓阳图书专营店
我在未来等你+我不 刘同大冰作品2册】 青春文学书籍 刘同,￥68.90,0条评价,高高国际图书专营店
【大冰的书全套五册正版】大冰你坏/我不/阿弥陀佛么么哒/乖摸摸头/好吗好的 正版书籍书排,￥180.00,0条评价,锋发韵流图书专营店
"大冰的书全套4册 好吗好的+阿弥陀佛么么哒+乖,摸摸头+他们*幸福 新作品全集大兵故事书 畅",￥129.20,20+条评价,浮光掠影图书专营店
"大冰作品集全4册 好吗好的+阿弥陀佛么么哒+他们幸福+乖,摸摸头 暖心故事集",￥129.00,2条评价,正浩图书专营店
大冰新书 我不+好吗好的+乖摸摸头+阿弥陀佛么么哒 全4册 青春小说,￥137.00,0条评价,正浩图书专营店
"正版 大冰的书全套4册 好吗好的+阿弥陀佛么么哒+乖,摸摸头+他们*幸福 新作品全集大兵故事书",￥124.00,0条评价,暗香盈袖图书专营店
大冰新书 我不+好吗好的+乖摸摸头+阿弥陀佛么么哒 全4册 青春小说,￥137.00,0条评价,道正图书专营店
正版区域 大冰作品集全5册（我不+好吗好的+乖，摸摸头+阿弥陀佛么么哒+他们*幸福）大兵青春,￥217.60,0条评价,学贯中西图书专营店
我不+好吗好的 全2册 乖摸摸头 大冰的新书 好吗好的 阿弥陀佛么么哒之后力作 青春励志文学小说作品,￥50.70,0条评价,墨马图书旗舰店
中信书店 大冰作品 套装5册大冰新书你坏2018年新书 （你坏+我不+阿弥陀佛么么哒+乖,￥188.00,0条评价,中信书店
我不 大冰的书正版 好吗好的/乖摸摸头/阿弥陀佛么么哒/你坏/作者 中国现当代散文随笔青春励志,￥31.20,0条评价,隆博时代图书专营店
"大冰作品集全4册 好吗好的+阿弥陀佛么么哒+他们幸福+乖,摸摸头 暖心故事集",￥129.00,0条评价,道正图书专营店
好吗好的 大冰的书 青春励志文学小说我不你坏新书 乖摸摸头阿弥陀佛么么哒作品集 成功正能量 心灵鸡汤,￥31.20,0条评价,隆博时代图书专营店
Y[现货正版]大冰的书全套五册 你坏+我不+好吗好的+乖摸摸头+阿弥陀佛么么哒全集共5册,￥120.00,0条评价,良朴图书专营店
励志3册 我不 大冰的书2017新书+你若不勇敢谁替你坚强+你若盛开清风自来 青春文学励志书籍图书,￥86.80,0条评价,晟贤图书专营店
正版现货 阿弥陀佛么么哒 大冰作品我不新书前作灵励志图书正版畅销图书,￥26.20,2条评价,南京爱读图书专营店
好吗好的+阿弥陀佛么么哒 套装2册 大冰的书 文学图书 作品集 励志成功 书籍排行榜,￥66.20,2条评价,聚五缘图书音像旗舰店
好吗好的+阿弥陀佛么么哒+乖，摸摸头 套装3册 文学散文 作品集 励志成功 书籍排行榜,￥96.10,0条评价,高高国际图书专营店
励志3册 我不 大冰的书2017新书+你若不勇敢谁替你坚强+你若盛开清风自来 青春文学励志书籍图书,￥54.00,7条评价,卓越书香图书专营店
阿弥陀佛么么哒+乖，摸摸头 套装2册 大冰的书 文学图书 书籍排行榜,￥62.90,0条评价,高高国际图书专营店
你坏大冰正版书籍 我不好吗好的乖摸摸头阿弥陀佛么么哒2018 青春小说书籍畅销书排行榜,￥36.70,4条评价,科学技术图书专营店
我不 大冰 2017 青春文学 我不大冰的书 励志 好吗好的 阿弥陀佛么么哒 乖摸,￥25.35,0条评价,品轩图书专营店
好吗好的+阿弥陀佛么么哒 套装2册 大冰的书 文学图书 作品集 励志成功 书籍排行榜,￥65.50,0条评价,高高国际图书专营店
【亲笔签名版】 你坏 大冰的书 2018 继我不 好吗好的 乖摸摸头 阿弥陀佛么么哒 正能量系短,￥25.75,0条评价,品轩图书专营店
好吗好的 大冰的书 青春励志文学小说继乖摸摸头阿弥陀佛么么哒后暖心力作现当代文学作品集 青,￥25.35,0条评价,品轩图书专营店
随机签章版 你坏 大冰的书 大冰新书 大冰2018年作品 青春励志文学,￥24.00,500+条评价,金帛三木图书专营店
我不+好吗好的 全2册 乖摸摸头 大冰的新书 好吗好的 阿弥陀佛么么哒之后力作 青春励志文学小说作品,￥50.70,0条评价,润知天下图书专营店
正版图书 好吗好的(大冰作品！畅销250万册) 9787540476892 湖南文艺出版社,￥24.60,0条评价,悟元图书专营店
"乖,摸摸头 大冰的书 阿弥陀佛么么哒 好吗好的姊妹篇 12个不舍得读完的暖心励志故事 文艺",￥23.41,0条评价,品轩图书专营店
"正版现货当天发 阿弥陀佛么么哒+乖,摸摸头+好吗，好的 全三册/全3册 作者暖",￥95.00,0条评价,泰兴宏艺图书专营店
好吗好的 大冰,￥32.80,0条评价,福州文豪图书专营店
我不 大冰作品 2017年新书 于寒冷的北极煲一碗醒心汤，用温暖的故事结一段小善缘，陪你微笑着对命运说：我不！,￥28.70,0条评价,中邮图书专营店
"【量大从优】乖,摸摸头 大冰的书 阿弥陀佛么么哒 好吗好的姊妹篇12个不舍得读完的暖心励志故事文艺小",￥32.00,0条评价,临池学书图书专营店
预售你坏 大冰的书2018新书小说正版我不 好吗好的 乖摸摸头 阿弥陀佛么么哒全套五册作者书籍排行榜,￥39.20,0条评价,临池学书图书专营店
2017年大冰的新书 我不 乖摸摸头 好吗好的 阿弥陀佛么么哒之后力 青春励志文学 小说,￥36.80,3条评价,葫芦弟弟图书专营店
2017年大冰的新书 我不 乖摸摸头 好吗好的 阿弥陀佛么么哒之后力 青春励志文学 小说,￥26.80,0条评价,兴阅图书专营店
【官网】大冰的书全套四册 2017签名版 励志故事书籍青春书籍畅销文学小说 我不+乖摸摸头+好吗好的,￥134.00,0条评价,鑫舟启航图书专营店
我不 大冰的书百万畅销书籍好吗好的/阿弥陀佛么么哒/乖摸摸头的作者 青春文学励 正版书籍,￥28.80,0条评价,狮子王图书专营店
现货 大冰新书我不好吗好的+乖摸摸头+阿弥陀佛么么哒共4册 全套四册青春小说心灵鸡汤暖,￥138.50,0条评价,书论图腾图书专营店
书籍超值福袋 大冰的书 东野圭吾 龙应台等，随机发放,￥88.88,0条评价,舜博图书专营店
2017年大冰的新书 我不 乖摸摸头 好吗好的 阿弥陀佛么么哒之后力 青春励志文学 小说,￥26.50,0条评价,书墨飘香图书专营店
"【正版现货】大冰的书全套四册 我不+乖,摸摸头+阿弥陀佛么么哒+好吗 好的 我不新书青春小说文学",￥98.80,0条评价,书论图腾图书专营店
"zv大冰的书全套五册正版 你坏+我不+乖,摸摸头+阿弥陀佛么么哒+好吗 好的 新书四青春励志小说",￥124.54,0条评价,春波碧草图书专营店
正版书籍他们最幸福 大冰著 好吗好的 作者第一本书,￥42.00,10+条评价,红斗篷图书专营店
大冰“江湖故事”大冰的书全4册 我不 乖摸摸头 好吗好的 阿弥陀佛 么么哒,￥110.50,0条评价,书论图腾图书专营店
大冰的书全套四册小说正版我不 好吗好的 乖摸摸头 阿弥陀佛么么哒书籍排行榜青春励志文学校园作品集4册,￥90.90,0条评价,书论图腾图书专营店
"正版 大冰的书全套4册 好吗好的+阿弥陀佛么么哒+乖,摸摸头+他们*幸福 新作品全集",￥129.20,0条评价,清风伟业图书专营店
