content,time,title,url
QQ快速登录协议分析以及风险反思,2018年8月22日,QQ快速登录协议分析以及风险反思,https://www.cnblogs.com/qiyeboy/p/9496262.html
小知识点--crontab,2018年8月12日,小知识点--crontab,https://www.cnblogs.com/qiyeboy/p/9464262.html
基于HTTPS的中间人攻击-BaseProxy,2018年7月11日,基于HTTPS的中间人攻击-BaseProxy,https://www.cnblogs.com/qiyeboy/p/9296038.html
BaseProxy:异步http/https中间人,2018年6月23日,BaseProxy:异步http/https中间人,https://www.cnblogs.com/qiyeboy/p/9216433.html
百度云满速下载原理与方法,2018年5月28日,百度云满速下载原理与方法,https://www.cnblogs.com/qiyeboy/p/9098718.html
新版知乎登录之post请求,2018年5月23日,新版知乎登录之post请求,https://www.cnblogs.com/qiyeboy/p/9077712.html
requests发送post请求的一些疑点,2018年5月20日,requests发送post请求的一些疑点,https://www.cnblogs.com/qiyeboy/p/9062667.html
Python3实现ICMP远控后门(下)之“Boss”出场,2018年5月17日,Python3实现ICMP远控后门(下)之“Boss”出场,https://www.cnblogs.com/qiyeboy/p/9053058.html
Python3实现ICMP远控后门(中)之“嗅探”黑科技,2018年5月13日,Python3实现ICMP远控后门(中)之“嗅探”黑科技,https://www.cnblogs.com/qiyeboy/p/9033707.html
Python3实现ICMP远控后门(上)_补充篇,2018年5月11日,Python3实现ICMP远控后门(上)_补充篇,https://www.cnblogs.com/qiyeboy/p/9023129.html
Python3实现ICMP远控后门(上),2018年5月10日,Python3实现ICMP远控后门(上),https://www.cnblogs.com/qiyeboy/p/9017921.html
Python实现PPPOE攻击工具,2018年5月8日,Python实现PPPOE攻击工具,https://www.cnblogs.com/qiyeboy/p/9006835.html
CoolBlog开发笔记第5课:请求与响应,2018年5月4日,CoolBlog开发笔记第5课:请求与响应,https://www.cnblogs.com/qiyeboy/p/8991934.html
后门编程(1)之双管道主动连接型,2017年10月31日,后门编程(1)之双管道主动连接型,https://www.cnblogs.com/qiyeboy/p/7760950.html
经典栈溢出之MS060-040漏洞分析,2017年9月14日,经典栈溢出之MS060-040漏洞分析,https://www.cnblogs.com/qiyeboy/p/7521172.html
练手之经典病毒熊猫烧香分析(上),2017年8月20日,练手之经典病毒熊猫烧香分析(上),https://www.cnblogs.com/qiyeboy/p/7400970.html
《撸轮子系列》之LoadPE,2017年8月13日,《撸轮子系列》之LoadPE,https://www.cnblogs.com/qiyeboy/p/7354246.html
CoolBlog开发笔记第4课:数据库模型设计,2017年6月26日,CoolBlog开发笔记第4课:数据库模型设计,https://www.cnblogs.com/qiyeboy/p/7079462.html
CoolBlog开发笔记第3课:创建Django应用,2017年6月25日,CoolBlog开发笔记第3课:创建Django应用,https://www.cnblogs.com/qiyeboy/p/7077981.html
CoolBlog开发笔记第2课:搭建开发环境,2017年6月24日,CoolBlog开发笔记第2课:搭建开发环境,https://www.cnblogs.com/qiyeboy/p/7072518.html
CoolBlog开发笔记第1课:项目分析,2017年6月23日,CoolBlog开发笔记第1课:项目分析,https://www.cnblogs.com/qiyeboy/p/7070135.html
纯手工打造简单分布式爬虫(Python),2017年6月15日,纯手工打造简单分布式爬虫(Python),https://www.cnblogs.com/qiyeboy/p/7016540.html
"“永恒之蓝""漏洞的紧急应对--毕业生必看",2017年5月13日,"“永恒之蓝""漏洞的紧急应对--毕业生必看",https://www.cnblogs.com/qiyeboy/p/6848935.html
从多项式相加看线性结构,2017年5月11日,从多项式相加看线性结构,https://www.cnblogs.com/qiyeboy/p/6839318.html
OD常用断点之CC断点,2017年5月6日,OD常用断点之CC断点,https://www.cnblogs.com/qiyeboy/p/6815988.html
打造“黑客“手机--Kali Nethunter,2017年3月1日,打造“黑客“手机--Kali Nethunter,https://www.cnblogs.com/qiyeboy/p/6486777.html
HTTP服务器的本质:tinyhttpd源码分析及拓展,2017年1月18日,HTTP服务器的本质:tinyhttpd源码分析及拓展,https://www.cnblogs.com/qiyeboy/p/6296387.html
开源IP代理池续——整体重构,2016年12月12日,开源IP代理池续——整体重构,https://www.cnblogs.com/qiyeboy/p/6163474.html
开源项目IPProxys的使用,2016年11月21日,开源项目IPProxys的使用,https://www.cnblogs.com/qiyeboy/p/6086611.html
原创爬虫开源项目——更新维护,2016年11月1日,原创爬虫开源项目——更新维护,https://www.cnblogs.com/qiyeboy/p/6018594.html
sublime Text3 插件编写教程_第一课,2016年10月16日,sublime Text3 插件编写教程_第一课,https://www.cnblogs.com/qiyeboy/p/5966353.html
无线安全专题_攻击篇--MAC泛洪攻击,2016年10月4日,无线安全专题_攻击篇--MAC泛洪攻击,https://www.cnblogs.com/qiyeboy/p/5930573.html
无线安全专题_攻击篇--干扰通信,2016年9月20日,无线安全专题_攻击篇--干扰通信,https://www.cnblogs.com/qiyeboy/p/5889518.html
无线安全专题_破解篇03--打造个人字典,2016年9月4日,无线安全专题_破解篇03--打造个人字典,https://www.cnblogs.com/qiyeboy/p/5840577.html
无线安全专题_破解篇02--kali破解pin码,2016年8月31日,无线安全专题_破解篇02--kali破解pin码,https://www.cnblogs.com/qiyeboy/p/5825525.html
无线安全专题01--kali破解WPA,2016年8月21日,无线安全专题01--kali破解WPA,https://www.cnblogs.com/qiyeboy/p/5792927.html
百度登录加密协议分析(下),2016年8月2日,百度登录加密协议分析(下),https://www.cnblogs.com/qiyeboy/p/5728293.html
百度登录加密协议分析(上),2016年7月31日,百度登录加密协议分析(上),https://www.cnblogs.com/qiyeboy/p/5722424.html
python开源IP代理池--IPProxys,2016年7月21日,python开源IP代理池--IPProxys,https://www.cnblogs.com/qiyeboy/p/5693128.html
python爬虫:将本人博客园文章转化为MarkDown格式,2016年6月20日,python爬虫:将本人博客园文章转化为MarkDown格式,https://www.cnblogs.com/qiyeboy/p/5600839.html
Scrapy爬取美女图片第四集 突破反爬虫(上),2016年6月12日,Scrapy爬取美女图片第四集 突破反爬虫(上),https://www.cnblogs.com/qiyeboy/p/5577036.html
python爬虫-爬取盗墓笔记,2016年6月6日,python爬虫-爬取盗墓笔记,https://www.cnblogs.com/qiyeboy/p/5564679.html
Scrapy爬取美女图片第三集 代理ip(下),2016年5月31日,Scrapy爬取美女图片第三集 代理ip(下),https://www.cnblogs.com/qiyeboy/p/5544917.html
Scrapy爬取美女图片第三集 代理ip(上) (原创),2016年5月22日,Scrapy爬取美女图片第三集 代理ip(上) (原创),https://www.cnblogs.com/qiyeboy/p/5517271.html
七夜在线音乐台开发 第三弹 爬虫篇 (原创),2016年5月12日,七夜在线音乐台开发 第三弹 爬虫篇 (原创),https://www.cnblogs.com/qiyeboy/p/5487556.html
Scrapy爬取美女图片续集 (原创),2016年4月30日,Scrapy爬取美女图片续集 (原创),https://www.cnblogs.com/qiyeboy/p/5449266.html
Scrapy爬取美女图片 (原创),2016年4月24日,Scrapy爬取美女图片 (原创),https://www.cnblogs.com/qiyeboy/p/5428240.html
七夜在线音乐台开发 第二弹 (原创),2016年4月12日,七夜在线音乐台开发 第二弹 (原创),https://www.cnblogs.com/qiyeboy/p/5381989.html
七夜在线音乐台开发 第一弹 (原创),2016年3月25日,七夜在线音乐台开发 第一弹 (原创),https://www.cnblogs.com/qiyeboy/p/5320282.html
逆向某停车app(原创),2016年3月21日,逆向某停车app(原创),https://www.cnblogs.com/qiyeboy/p/5300739.html
(原创)python发送邮件,2016年3月19日,(原创)python发送邮件,https://www.cnblogs.com/qiyeboy/p/5295275.html
(原创)暴力破解西电校园网密码,2016年3月13日,(原创)暴力破解西电校园网密码,https://www.cnblogs.com/qiyeboy/p/5273042.html
python爬虫:爬取慕课网视频,2016年3月12日,python爬虫:爬取慕课网视频,https://www.cnblogs.com/qiyeboy/p/5269616.html
Html+CSS 学习第二天,2016年3月8日,Html+CSS 学习第二天,https://www.cnblogs.com/qiyeboy/p/5256086.html
html学习第一天,2016年3月5日,html学习第一天,https://www.cnblogs.com/qiyeboy/p/5244277.html
python开发ftp服务器第一天(pyftpdlib),2016年3月1日,python开发ftp服务器第一天(pyftpdlib),https://www.cnblogs.com/qiyeboy/p/5230262.html
开启博客的第一天,2016年2月29日,开启博客的第一天,https://www.cnblogs.com/qiyeboy/p/5227609.html
